[
  {
    "index": 0,
    "class": 0,
    "slot": 0,
    "mod6": 0,
    "mod17": 0,
    "in_head": true,
    "near_tail": false,
    "dist_to_anchor": 21,
    "dist_to_tail": 74
  },
  {
    "index": 1,
    "class": 4,
    "slot": 1,
    "mod6": 1,
    "mod17": 1,
    "in_head": true,
    "near_tail": false,
    "dist_to_anchor": 20,
    "dist_to_tail": 73
  },
  {
    "index": 2,
    "class": 2,
    "slot": 2,
    "mod6": 2,
    "mod17": 2,
    "in_head": true,
    "near_tail": false,
    "dist_to_anchor": 19,
    "dist_to_tail": 72
  },
  {
    "index": 3,
    "class": 3,
    "slot": 3,
    "mod6": 3,
    "mod17": 3,
    "in_head": true,
    "near_tail": false,
    "dist_to_anchor": 18,
    "dist_to_tail": 71
  },
  {
    "index": 4,
    "class": 1,
    "slot": 4,
    "mod6": 4,
    "mod17": 4,
    "in_head": true,
    "near_tail": false,
    "dist_to_anchor": 17,
    "dist_to_tail": 70
  },
  {
    "index": 5,
    "class": 5,
    "slot": 5,
    "mod6": 5,
    "mod17": 5,
    "in_head": true,
    "near_tail": false,
    "dist_to_anchor": 16,
    "dist_to_tail": 69
  },
  {
    "index": 6,
    "class": 0,
    "slot": 6,
    "mod6": 0,
    "mod17": 6,
    "in_head": true,
    "near_tail": false,
    "dist_to_anchor": 15,
    "dist_to_tail": 68
  },
  {
    "index": 7,
    "class": 4,
    "slot": 7,
    "mod6": 1,
    "mod17": 7,
    "in_head": true,
    "near_tail": false,
    "dist_to_anchor": 14,
    "dist_to_tail": 67
  },
  {
    "index": 8,
    "class": 2,
    "slot": 8,
    "mod6": 2,
    "mod17": 8,
    "in_head": true,
    "near_tail": false,
    "dist_to_anchor": 13,
    "dist_to_tail": 66
  },
  {
    "index": 9,
    "class": 3,
    "slot": 9,
    "mod6": 3,
    "mod17": 9,
    "in_head": true,
    "near_tail": false,
    "dist_to_anchor": 12,
    "dist_to_tail": 65
  },
  {
    "index": 10,
    "class": 1,
    "slot": 10,
    "mod6": 4,
    "mod17": 10,
    "in_head": true,
    "near_tail": false,
    "dist_to_anchor": 11,
    "dist_to_tail": 64
  },
  {
    "index": 11,
    "class": 5,
    "slot": 11,
    "mod6": 5,
    "mod17": 11,
    "in_head": true,
    "near_tail": false,
    "dist_to_anchor": 10,
    "dist_to_tail": 63
  },
  {
    "index": 12,
    "class": 0,
    "slot": 12,
    "mod6": 0,
    "mod17": 12,
    "in_head": true,
    "near_tail": false,
    "dist_to_anchor": 9,
    "dist_to_tail": 62
  },
  {
    "index": 13,
    "class": 4,
    "slot": 13,
    "mod6": 1,
    "mod17": 13,
    "in_head": true,
    "near_tail": false,
    "dist_to_anchor": 8,
    "dist_to_tail": 61
  },
  {
    "index": 14,
    "class": 2,
    "slot": 14,
    "mod6": 2,
    "mod17": 14,
    "in_head": true,
    "near_tail": false,
    "dist_to_anchor": 7,
    "dist_to_tail": 60
  },
  {
    "index": 15,
    "class": 3,
    "slot": 15,
    "mod6": 3,
    "mod17": 15,
    "in_head": true,
    "near_tail": false,
    "dist_to_anchor": 6,
    "dist_to_tail": 59
  },
  {
    "index": 16,
    "class": 1,
    "slot": 16,
    "mod6": 4,
    "mod17": 16,
    "in_head": true,
    "near_tail": false,
    "dist_to_anchor": 5,
    "dist_to_tail": 58
  },
  {
    "index": 17,
    "class": 5,
    "slot": 0,
    "mod6": 5,
    "mod17": 0,
    "in_head": true,
    "near_tail": false,
    "dist_to_anchor": 4,
    "dist_to_tail": 57
  },
  {
    "index": 18,
    "class": 0,
    "slot": 1,
    "mod6": 0,
    "mod17": 1,
    "in_head": true,
    "near_tail": false,
    "dist_to_anchor": 3,
    "dist_to_tail": 56
  },
  {
    "index": 19,
    "class": 4,
    "slot": 2,
    "mod6": 1,
    "mod17": 2,
    "in_head": true,
    "near_tail": false,
    "dist_to_anchor": 2,
    "dist_to_tail": 55
  },
  {
    "index": 20,
    "class": 2,
    "slot": 3,
    "mod6": 2,
    "mod17": 3,
    "in_head": true,
    "near_tail": false,
    "dist_to_anchor": 1,
    "dist_to_tail": 54
  },
  {
    "index": 34,
    "class": 1,
    "slot": 0,
    "mod6": 4,
    "mod17": 0,
    "in_head": true,
    "near_tail": false,
    "dist_to_anchor": 1,
    "dist_to_tail": 40
  },
  {
    "index": 35,
    "class": 5,
    "slot": 1,
    "mod6": 5,
    "mod17": 1,
    "in_head": true,
    "near_tail": false,
    "dist_to_anchor": 2,
    "dist_to_tail": 39
  },
  {
    "index": 36,
    "class": 0,
    "slot": 2,
    "mod6": 0,
    "mod17": 2,
    "in_head": true,
    "near_tail": false,
    "dist_to_anchor": 3,
    "dist_to_tail": 38
  },
  {
    "index": 37,
    "class": 4,
    "slot": 3,
    "mod6": 1,
    "mod17": 3,
    "in_head": true,
    "near_tail": false,
    "dist_to_anchor": 4,
    "dist_to_tail": 37
  },
  {
    "index": 38,
    "class": 2,
    "slot": 4,
    "mod6": 2,
    "mod17": 4,
    "in_head": true,
    "near_tail": false,
    "dist_to_anchor": 5,
    "dist_to_tail": 36
  },
  {
    "index": 39,
    "class": 3,
    "slot": 5,
    "mod6": 3,
    "mod17": 5,
    "in_head": true,
    "near_tail": false,
    "dist_to_anchor": 6,
    "dist_to_tail": 35
  },
  {
    "index": 40,
    "class": 1,
    "slot": 6,
    "mod6": 4,
    "mod17": 6,
    "in_head": true,
    "near_tail": false,
    "dist_to_anchor": 7,
    "dist_to_tail": 34
  },
  {
    "index": 41,
    "class": 5,
    "slot": 7,
    "mod6": 5,
    "mod17": 7,
    "in_head": true,
    "near_tail": false,
    "dist_to_anchor": 8,
    "dist_to_tail": 33
  },
  {
    "index": 42,
    "class": 0,
    "slot": 8,
    "mod6": 0,
    "mod17": 8,
    "in_head": true,
    "near_tail": false,
    "dist_to_anchor": 9,
    "dist_to_tail": 32
  },
  {
    "index": 43,
    "class": 4,
    "slot": 9,
    "mod6": 1,
    "mod17": 9,
    "in_head": true,
    "near_tail": false,
    "dist_to_anchor": 10,
    "dist_to_tail": 31
  },
  {
    "index": 44,
    "class": 2,
    "slot": 10,
    "mod6": 2,
    "mod17": 10,
    "in_head": true,
    "near_tail": false,
    "dist_to_anchor": 11,
    "dist_to_tail": 30
  },
  {
    "index": 45,
    "class": 3,
    "slot": 11,
    "mod6": 3,
    "mod17": 11,
    "in_head": true,
    "near_tail": false,
    "dist_to_anchor": 12,
    "dist_to_tail": 29
  },
  {
    "index": 46,
    "class": 1,
    "slot": 12,
    "mod6": 4,
    "mod17": 12,
    "in_head": true,
    "near_tail": false,
    "dist_to_anchor": 13,
    "dist_to_tail": 28
  },
  {
    "index": 47,
    "class": 5,
    "slot": 13,
    "mod6": 5,
    "mod17": 13,
    "in_head": true,
    "near_tail": false,
    "dist_to_anchor": 14,
    "dist_to_tail": 27
  },
  {
    "index": 48,
    "class": 0,
    "slot": 14,
    "mod6": 0,
    "mod17": 14,
    "in_head": true,
    "near_tail": false,
    "dist_to_anchor": 15,
    "dist_to_tail": 26
  },
  {
    "index": 49,
    "class": 4,
    "slot": 15,
    "mod6": 1,
    "mod17": 15,
    "in_head": true,
    "near_tail": false,
    "dist_to_anchor": 14,
    "dist_to_tail": 25
  },
  {
    "index": 50,
    "class": 2,
    "slot": 16,
    "mod6": 2,
    "mod17": 16,
    "in_head": true,
    "near_tail": false,
    "dist_to_anchor": 13,
    "dist_to_tail": 24
  },
  {
    "index": 51,
    "class": 3,
    "slot": 0,
    "mod6": 3,
    "mod17": 0,
    "in_head": true,
    "near_tail": false,
    "dist_to_anchor": 12,
    "dist_to_tail": 23
  },
  {
    "index": 52,
    "class": 1,
    "slot": 1,
    "mod6": 4,
    "mod17": 1,
    "in_head": true,
    "near_tail": false,
    "dist_to_anchor": 11,
    "dist_to_tail": 22
  },
  {
    "index": 53,
    "class": 5,
    "slot": 2,
    "mod6": 5,
    "mod17": 2,
    "in_head": true,
    "near_tail": false,
    "dist_to_anchor": 10,
    "dist_to_tail": 21
  },
  {
    "index": 54,
    "class": 0,
    "slot": 3,
    "mod6": 0,
    "mod17": 3,
    "in_head": true,
    "near_tail": false,
    "dist_to_anchor": 9,
    "dist_to_tail": 20
  },
  {
    "index": 55,
    "class": 4,
    "slot": 4,
    "mod6": 1,
    "mod17": 4,
    "in_head": true,
    "near_tail": false,
    "dist_to_anchor": 8,
    "dist_to_tail": 19
  },
  {
    "index": 56,
    "class": 2,
    "slot": 5,
    "mod6": 2,
    "mod17": 5,
    "in_head": true,
    "near_tail": false,
    "dist_to_anchor": 7,
    "dist_to_tail": 18
  },
  {
    "index": 57,
    "class": 3,
    "slot": 6,
    "mod6": 3,
    "mod17": 6,
    "in_head": true,
    "near_tail": false,
    "dist_to_anchor": 6,
    "dist_to_tail": 17
  },
  {
    "index": 58,
    "class": 1,
    "slot": 7,
    "mod6": 4,
    "mod17": 7,
    "in_head": true,
    "near_tail": false,
    "dist_to_anchor": 5,
    "dist_to_tail": 16
  },
  {
    "index": 59,
    "class": 5,
    "slot": 8,
    "mod6": 5,
    "mod17": 8,
    "in_head": true,
    "near_tail": false,
    "dist_to_anchor": 4,
    "dist_to_tail": 15
  },
  {
    "index": 60,
    "class": 0,
    "slot": 9,
    "mod6": 0,
    "mod17": 9,
    "in_head": true,
    "near_tail": false,
    "dist_to_anchor": 3,
    "dist_to_tail": 14
  },
  {
    "index": 61,
    "class": 4,
    "slot": 10,
    "mod6": 1,
    "mod17": 10,
    "in_head": true,
    "near_tail": false,
    "dist_to_anchor": 2,
    "dist_to_tail": 13
  },
  {
    "index": 62,
    "class": 2,
    "slot": 11,
    "mod6": 2,
    "mod17": 11,
    "in_head": true,
    "near_tail": false,
    "dist_to_anchor": 1,
    "dist_to_tail": 12
  }
]