{
  "unknown_count": 50,
  "known_count": 47,
  "unknown_indices": [
    0,
    1,
    2,
    3,
    4,
    5,
    6,
    7,
    8,
    9,
    10,
    11,
    12,
    13,
    14,
    15,
    16,
    17,
    18,
    19,
    20,
    34,
    35,
    36,
    37,
    38,
    39,
    40,
    41,
    42,
    43,
    44,
    45,
    46,
    47,
    48,
    49,
    50,
    51,
    52,
    53,
    54,
    55,
    56,
    57,
    58,
    59,
    60,
    61,
    62
  ],
  "by_class": {
    "0": 9,
    "4": 9,
    "2": 9,
    "3": 7,
    "1": 8,
    "5": 8
  },
  "in_head": 50,
  "in_tail": 0
}