label,seed,head_0_74,head_sha256,content_ratio,np_count,unique_content_types,near_gate,flint_v2,generic,cadence,context,delta_fixed,delta_windowed_2,delta_windowed_3,delta_windowed_4,delta_shuffled,tie_fraction,is_isolated,holm_adj_p_coverage,holm_adj_p_f_words,passes_nulls,leakage,promoted
HEAD_000_v52,1337,BRING THE STONE TO STATION THEN APPLY THE ROSE THEN MARK AND READ,0c09ada5c2a41fabb67bea44729f4afa8b8248de79995f6a0e1f7f19ebc7cecf,0.6153846153846154,2,8,True,True,True,False,True,0.2381461919702317,0.1076294014662923,0.11558341767813732,0.10187428776634004,0.19550943482736222,0.0910932475074225,True,0.0028471834733445897,0.006938774299836268,True,0.0,False
HEAD_001_v52,2337,BRING THE STONE TO LINE THEN APPLY THE STONE THEN MARK AT STATION,619e33f4ab7ef4c008f690d94fc4305f9df5c4c2c7d3fc51bc15e4666ba3fc12,0.6923076923076923,2,8,True,True,True,True,True,0.23503059405457402,0.08351951752663976,0.11382999963536958,0.1314120343561121,0.145566437923279,0.08225715264510992,True,0.006750117724187939,0.0038195972432793213,True,0.0,True
HEAD_002_v52,3337,BRING THE DIAL TO YARD THEN ALIGN THE ARC THEN NOTE AND READ,11232eaca65208a418c9ea28228a44bad006d697d0c18991f160b77067c2bdaa,0.6153846153846154,2,8,True,True,True,False,True,0.19487430645166717,0.09912966952593015,0.09236180544776457,0.10068456620626708,0.14448450445661928,0.0738599718554069,True,0.0046017105845488505,0.008530258691984937,True,0.0,False
HEAD_003_v52,4337,SIGHT THE SECTOR THEN NOTE THE SECTOR THEN NOTE AND READ AT STATION,19cf148ab03e2f143b73777bf478d8cc4faaabbf2d693b5edcb6d812cda9b092,0.6153846153846154,2,6,True,True,True,True,True,0.20661632335702024,0.09107056324394752,0.11362711148679897,0.12190501377082494,0.1369645913996358,0.1089747152994475,False,0.006577898787436657,0.006203019405248956,True,0.0,False
HEAD_004_v52,5337,SIGHT THE QUADRANT THEN NOTE THE CIRCLE AT STATION THEN MARK,5a0e54c89c58f3edfaa4e3580d29b7fc8453e9cbb52c2fb9ef6d338be644c436,0.6363636363636364,2,7,True,True,True,False,True,0.19929274551375664,0.1251182785176092,0.11337670107729803,0.10723986581294206,0.13875908880998516,0.05135396169623544,True,0.005380670181236835,0.008757497045389867,False,0.0,False
HEAD_005_v52,6337,MARK THE MARKER THEN ADJUST THE STONE THEN NOTE THEN MARK AT STATION,60473dc9d34940ccf3e4b2cd0000bcdcfed424fd6bb02dfe99eaa4758a530cd3,0.6153846153846154,2,7,True,True,True,True,True,0.1546620412975617,0.12622489851094748,0.10744060400086256,0.12364120683877491,0.18811357718985738,0.1125342815920855,False,0.004873635112341497,0.008070732549214775,True,0.0,False
HEAD_006_v52,7337,FOLLOW THE PLINTH TOWARD THE YARD THEN READ THE CIRCLE THEN MARK,ba17f373a3f6c8a1f7d1c593d6086f1210892e97d0d1b6132f5d0a1a52082c13,0.5833333333333334,3,7,True,True,True,False,True,0.23266212142406056,0.08497036140278409,0.1191717512137428,0.1465505356930403,0.1848546698653039,0.07357204251696847,True,0.008125686177556185,0.007180818567483859,False,0.0,False
HEAD_007_v52,8337,SIGHT THE QUADRANT THEN NOTE THE STATION THEN NOTE AT STATION,14beec8c96acda68569f8a98be375e07cfa92c4564f4f431ebeb843abd239461,0.6363636363636364,2,5,True,True,True,False,True,0.18033009803496441,0.12442658258969222,0.12028582443066377,0.14031285606343946,0.15589589532153567,0.11822825714077038,False,0.003079191479835357,0.007454119885284957,True,0.0,False
HEAD_008_v52,9337,FOLLOW THE DIAL TOWARD THE MERIDIAN THEN READ THE COURSE AND READ,c183368e95add74d0af123ac664398c5f97fde9cf27b70466682aefc61245627,0.5833333333333334,3,6,True,True,True,True,True,0.1506900517393718,0.11370015895618657,0.11041088141130022,0.11773233066797156,0.18603162314712346,0.14118667978666677,True,0.002405150576416377,0.006415726391258409,True,0.0,True
HEAD_009_v52,10337,MARK THE MARKER THEN ADJUST THE STATION THEN MARK THEN MARK THEN NOTE,bda18d56b227779434253825863c1a487e053671d1ed60029126174e756b4009,0.5384615384615384,2,5,True,True,True,True,True,0.217882749560457,0.1056621334025234,0.12238986877137036,0.10818293644131169,0.17244535945362333,0.14111053453260036,True,0.0031961633352423054,0.00593069664031374,True,0.0,True
HEAD_010_v52,11337,OBSERVE THE PLATE THEN REDUCE THE DISTANCE TO TRUE AND READ AND READ,78cefd56a282bfe3d8de31246479a0f5ef02166b367bdea5e03876cdee574e5a,0.6153846153846154,2,7,True,True,True,True,True,0.19130793955356595,0.12386139906725173,0.13563196914486733,0.13477960436232586,0.12151578677917405,0.1490544328158237,True,0.00838602804723998,0.00857913497303288,True,0.0,True
HEAD_011_v52,12337,SIGHT THE QUADRANT THEN NOTE THE ROSE THEN MARK THEN MARK AND READ,b065c766f25aee9fff68d44d8f6a2921671557f9d152a4a038468742fd128c68,0.5384615384615384,2,6,True,True,True,True,True,0.20214317004406573,0.10745569311403658,0.1088128701577084,0.12620338077523377,0.19559964015584574,0.060877098165364366,True,0.005295810336976885,0.0024671976924468897,False,0.0,False
HEAD_012_v52,13337,OBSERVE THE QUADRANT THEN REDUCE THE DISTANCE TO DEGREES THEN NOTE,fb688f9b4cd7451e744fd5c46dd272d70f4c222553c9f90cd91b0108d491c8ac,0.6363636363636364,2,7,True,True,True,False,True,0.19808719291522958,0.11153839398163526,0.1256824660623271,0.1319417095656788,0.18862461326514257,0.10883838540726469,True,0.009577384568843824,0.004403376618310639,True,0.0,False
HEAD_013_v52,14337,SET THE LINE TO TRUE QUADRANT THEN READ THE CIRCLE THEN NOTE,64295b4402327a39d8e52548e4a9bd13b1fe3bfeac5602ff85a0dc3ac047e58b,0.6666666666666666,2,8,True,True,True,True,True,0.15323867341429245,0.10688133702591665,0.10001688138337124,0.10329345584534072,0.18281827556484756,0.07507946228688178,False,0.003536858606561623,0.007492062792200776,True,0.0,False
HEAD_014_v52,15337,SET THE ARC TO ARCMINUTE POLE THEN READ THE STONE AT STATION,d74ac3e8fdf0a553f5b85bfb9448e76cd5b721c8cbf84f800ac1a1fc45ccfe65,0.75,2,9,True,True,True,True,True,0.15621618906209322,0.12566275062193935,0.09817632840237375,0.11603105536970777,0.16689700474337563,0.05948005572486216,True,0.006173859029025013,0.009218531461933764,True,0.0,True
HEAD_015_v52,16337,NOTE THE YARD AT THE POLE THEN CORRECT THEN NOTE AND READ AT STATION,858e7b20579b34792fed2b2a774cc39fba3abd94fde79a49cb7e5add96c7f2aa,0.6428571428571429,2,7,True,True,True,True,True,0.22992019344665973,0.09008606639480093,0.135202963951258,0.10310069931088972,0.18153363665916236,0.10943520530315791,True,0.0041495812114510176,0.0035204289971017327,False,0.0,False
HEAD_016_v52,17337,TRACE THE COURSE THEN SET THE ARC THEN NOTE THEN MARK AND READ,e3fa76a75eff4f57ee71b898b8decd4d3c7c36697e08e6b4a56d829d5999aaf5,0.5384615384615384,2,7,True,True,True,True,True,0.1664919973065327,0.10385556870665712,0.11815949726297614,0.13762062569883465,0.14920918211262799,0.10611089546562959,False,0.008026952675051633,0.0023541757508025495,True,0.0,False
HEAD_017_v52,18337,FOLLOW THE LINE ALONG THE PLATE THEN READ THE MARKER AND READ,bb3dd105bede8f6b0046458b256a8787e164cef0fe7f0157c305ea1399691b59,0.5833333333333334,3,6,True,True,True,False,True,0.15239820353377845,0.10179290536972888,0.1304318146196895,0.11561241554416542,0.1534229879625411,0.10945995749588383,False,0.003656215884501557,0.005463469225998868,False,0.0,False
HEAD_018_v52,19337,FOLLOW THE DIAL FROM THE STONE THEN READ THE COURSE THEN NOTE,0dfdd53dfe3a0e251ee57fa0a1d91b3229b57685922f72f8bd4307bbbeb10cec,0.5833333333333334,3,7,True,True,True,False,True,0.1825935052772424,0.11535102333978911,0.13402832498946118,0.1377974703987232,0.16834547617574738,0.13191086652821396,True,0.008151231885766306,0.005337977617087118,True,0.0,False
HEAD_019_v52,20337,NOTE THE YARD AT THE RING THEN NOTE AT STATION AND READ AT STATION,90dba374d30ce54555c3211e5cb9dc31fdb9520e27d8896fa2ca35386f659464,0.7142857142857143,2,6,True,True,True,True,True,0.20608780416923242,0.1249597588077342,0.12826847922257495,0.10688704365874074,0.17305702424270386,0.14239240939507636,True,0.009570410493098647,0.003260935644946626,False,0.0,False
HEAD_020_v52,21337,OBSERVE THE RING THEN REDUCE THE PLATE TO MAGNETIC THEN MARK,6394e89be4ad628a111e8a33d1130121e20f687f6109f2cb8db86e299a079939,0.6363636363636364,2,7,True,True,True,True,True,0.15102022202307122,0.09081477733235888,0.10131951501665624,0.11981194638404298,0.14414142550119183,0.11954851032948094,False,0.0028450901028544513,0.009160476481988884,True,0.0,False
HEAD_021_v52,22337,OBSERVE THE ARC THEN REDUCE THE ANGLE TO SECONDS AT STATION AND READ,cecc8c3e6eb109210e66ad17227b27f14578fc23cc696a404e8f940935c5cfda,0.6923076923076923,2,9,True,True,True,True,True,0.19110133863257572,0.1129006360907362,0.11529873445845897,0.10451870260174002,0.1722721861688845,0.09287090488133116,True,0.008221826577532768,0.0034693893562648165,True,0.0,True
HEAD_022_v52,23337,FOLLOW THE LINE ALONG THE MARKER THEN READ THE PLATE AND READ,a8802269cb3a5b13c50da04938737ca11f2f23840b68bd0b2628a0c1171ddd4d,0.5833333333333334,3,6,True,True,True,False,True,0.20310857297632787,0.12701409704112157,0.13138450843770927,0.13050306567528547,0.14953325577260193,0.09931147254201952,False,0.008841055624595695,0.0058375642464377556,False,0.0,False
HEAD_023_v52,24337,SET THE ARC TO TRUE ANGLE THEN READ THE STONE AND READ THEN NOTE,d8f44603dcf5d5b7a214c52eb5f842dc4ae7e791fe846c55c97ce6f5c3d8e20e,0.6428571428571429,2,8,True,True,True,True,True,0.22696354332268592,0.0966612648236097,0.11983681282479627,0.12750037152038252,0.15174842941411928,0.1252527693744026,True,0.003604225128968741,0.0029899320640131358,True,0.0,True
HEAD_024_v52,25337,TRACE THE YARD THEN SET THE RING AND READ AT STATION THEN MARK,b5084d23825b27bc52a17317dbad54c13b081e26ffd3439f0a8ffa2d615ca79a,0.6153846153846154,2,8,True,True,True,True,True,0.23566272162776966,0.1276915098242808,0.1294721636596839,0.12320521545362166,0.1583317086862248,0.05241033920218065,False,0.0039105448332407335,0.0063509256709599945,False,0.0,False
HEAD_025_v52,26337,SIGHT THE SECTOR THEN NOTE THE STONE THEN NOTE AT STATION THEN MARK,afea74fcb18c9f1702c4d6879b708a8194fd523d604f8d86aeb646d01b674c3f,0.6153846153846154,2,7,True,True,True,True,True,0.18562568808792926,0.11089331263654277,0.10243745451310882,0.1316067370149319,0.1338462030972937,0.05547921137203691,True,0.004577285461637029,0.006460562237048029,True,0.0,True
HEAD_026_v52,27337,FOLLOW THE LINE TO THE QUADRANT THEN READ THE ARC THEN NOTE THEN NOTE,a51d606f451c626d4e33f7c67171b491cb19f18780e38b73e695a8205113aae0,0.5714285714285714,3,7,True,True,True,True,True,0.17820875074268572,0.11370563355401367,0.09994046913805836,0.12609054981131562,0.1819443914149785,0.1060717808653398,True,0.004609451463713228,0.0044374995662316554,False,0.0,False
HEAD_027_v52,28337,TRACE THE DISTANCE THEN SET THE ROSE THEN MARK THEN MARK THEN MARK,1eb44ab99b84db2e03b88a65927810bac0e01947679ae0522c3a85bc3faaa8fa,0.5384615384615384,2,5,True,True,True,True,True,0.17454438302679456,0.11776952239792383,0.10583459571168,0.14767291142232697,0.17924556920878784,0.05304964064537135,True,0.007309728352908986,0.0035608581501237442,True,0.0,True
HEAD_028_v52,29337,OBSERVE THE PLATE THEN REDUCE THE PLINTH TO VARIATION AT STATION,26e94dd379221c1dec2ba33b6d6cb5af82d72658e7dc178113b77b7508b55ae7,0.7272727272727273,2,8,True,True,True,True,True,0.17344171574072634,0.08375126847115655,0.11522056056286062,0.10933785701421689,0.17386512862866893,0.06115892666358025,False,0.009595297241981274,0.0025190142381809107,True,0.0,False
HEAD_029_v52,30337,TRACE THE DISTANCE THEN SET THE STATION THEN NOTE AT STATION,ede414bfae4d91946ec9b7811df47b8bf2042acb205e2b924764ef02f2966e25,0.6363636363636364,2,6,True,True,True,False,True,0.15540599558631568,0.10298298811316983,0.1064313860332865,0.12395931411635602,0.19367701966815182,0.1305880948319889,False,0.007141558643184966,0.007142330218439061,True,0.0,False
HEAD_030_v52,31337,NOTE THE PLATE AT THE YARD THEN SIGHT AND READ THEN MARK THEN NOTE,03fdc7258de0c464f407261d30f2fb5c1a87f9f48e753bceadaa0b47d30eab7b,0.5714285714285714,2,7,True,True,True,False,True,0.23474030077743155,0.12660515019514407,0.11427168066090376,0.13386499302747068,0.19534312649421126,0.08446843322640252,True,0.006899162810541848,0.0029163323041958514,False,0.0,False
HEAD_031_v52,32337,SET THE ANGLE TO TRUE RING THEN READ THE COURSE AND READ AT STATION,1e44076b804ec0a596c0df7ee01ea7e556f931004ea6592180bfdb55bd847c91,0.7142857142857143,2,9,True,True,True,True,True,0.17704738075006807,0.10892687986591423,0.10906027837335805,0.11623191303405721,0.1447096334542522,0.09631832910098431,True,0.0037710059689859527,0.002624494643073175,False,0.0,False
HEAD_032_v52,33337,BRING THE POLE TO GRID THEN READ THE QUADRANT AT STATION THEN NOTE,d9d164e16b0a00dafd6b2ccedebb475de074224e2dd6c3cf9dff2702a04a2335,0.6923076923076923,2,9,True,True,True,True,True,0.16470235969825364,0.09240102881897284,0.12408468522872367,0.14425149175670898,0.1837721285840078,0.09933370185505827,False,0.0021652008650869564,0.0059593063939377714,True,0.0,False
HEAD_033_v52,34337,TRACE THE PLINTH THEN SET THE DISTANCE THEN NOTE AND READ THEN NOTE,a069ac193395ddb3ea89da59792faf21ee72e437c2be114c2db64925567de958,0.5384615384615384,2,6,True,True,True,False,True,0.17272522078367966,0.09073391773757863,0.10046207229789231,0.12880144965113285,0.18845432965044728,0.06960300387921314,True,0.007604035319585898,0.0038889523127271994,True,0.0,False
HEAD_034_v52,35337,SIGHT THE QUADRANT THEN NOTE THE DISTANCE AND READ AND READ AND READ,69e9a7267e6ae01a18d131c55694bb7297e6f41ec5874c2a3dda14961d673a98,0.5384615384615384,2,5,True,True,True,True,True,0.24391379488268922,0.09676025510363251,0.1110640027348061,0.14065958168784104,0.15261572029324502,0.1016337548396921,True,0.004791054969754997,0.0047944759541953446,True,0.0,True
HEAD_035_v52,36337,OBSERVE THE RING THEN REDUCE THE DISTANCE TO ARCSECOND AND READ,2e7efde02c1abda1716e69abee7107945fcc98732e77547b3b1853041b513c06,0.6363636363636364,2,7,True,True,True,True,True,0.2408141007514698,0.08261444908699461,0.10168887399066928,0.139989746690642,0.1704446500780986,0.1117558930566581,True,0.003287564294601121,0.0031688856591493286,True,0.0,True
HEAD_036_v52,37337,SET THE ARC TO MAGNETIC YARD THEN READ THE RING THEN MARK AT STATION,5043fbb6e2425a0f34327f37c12f8563ba2133a0c47ddf78c97d15cc151e749a,0.7142857142857143,2,10,True,True,True,False,True,0.24254428582761134,0.10660878974287283,0.12222998122334996,0.13425228035315487,0.14837006575795653,0.08141166886510237,True,0.00804344780880998,0.009119124140406484,True,0.0,False
HEAD_037_v52,38337,OBSERVE THE RING THEN REDUCE THE COURSE TO MINUTES AND READ THEN NOTE,df0b998160c228e443eeeb4bf9bfd341eb7067430e7c0d8a17127f379c967e05,0.6153846153846154,2,8,True,True,True,True,True,0.21669368691720206,0.08316074173667456,0.09336039281396111,0.113993011071002,0.1287155925217439,0.05017391731683717,False,0.0020234223786438975,0.007428240770763125,True,0.0,False
HEAD_038_v52,39337,BRING THE STONE TO QUADRANT THEN SIGHT THE ROSE THEN NOTE AND READ,41285970c54ed3768074c7d1df0b59999cc928070e0118a73ce971d40d95f087,0.6153846153846154,2,8,True,True,True,True,True,0.155047477299803,0.0831950400353385,0.09645863158134496,0.12064394860782379,0.17526494936472847,0.05947251399960516,False,0.007840644202648326,0.006213462517713321,False,0.0,False
HEAD_039_v52,40337,MARK THE MARKER THEN ADJUST THE CIRCLE AT STATION AT STATION,9287afa2ea91e68f740580c80fcafe2f6a43149f529a6b28a43301fd874a146e,0.7272727272727273,2,6,True,True,True,True,True,0.24376651978533037,0.08642158754045692,0.11825358830153562,0.11742870951201123,0.12231617960343069,0.11599647229124924,True,0.005574139888033461,0.009136030756742027,True,0.0,True
HEAD_040_v52,41337,SIGHT THE PLINTH THEN NOTE THE QUADRANT THEN NOTE AT STATION,4bfa8fd3871336a8749682ad21d981b695cf989c8aa094182bf3f23f3585186c,0.6363636363636364,2,6,True,True,True,True,True,0.15653691727004768,0.11296266819911432,0.10109620219091763,0.10389681209091287,0.13870527143375014,0.10179706543486744,False,0.007189801189266813,0.0026666560069013617,True,0.0,False
HEAD_041_v52,42337,OBSERVE THE RING THEN REDUCE THE YARD TO DECLINATION THEN MARK,7b59a9c232a3f96f1f4614760bc60773d5dc84e13f4965c02e5e8a65fe26cd11,0.6363636363636364,2,7,True,True,True,True,True,0.16144412377322656,0.111584019405431,0.10684475679457285,0.13937531194596856,0.19614916564674434,0.11437062515076551,True,0.009963548766693708,0.008061163271897293,True,0.0,True
HEAD_042_v52,43337,OBSERVE THE PLINTH THEN REDUCE THE PLATE TO ARCMINUTE AT STATION,30bb6d89339a9e8c956e4e6b1ee32c8e4632c02487d8631085c65a515c1e53ef,0.7272727272727273,2,8,True,True,True,True,True,0.22271932554234097,0.09435720526003669,0.12052389280780793,0.1472584610149508,0.18825666114876272,0.05896224842040376,False,0.00975430091753882,0.006566764639328568,True,0.0,False
HEAD_043_v52,44337,TRACE THE DISTANCE THEN SET THE STATION THEN MARK AND READ AND READ,d17ae608b917fb2f8b249f4cf8c018c3500cc535b7b68f15d4fe4f6cd78cbbd3,0.5384615384615384,2,6,True,True,True,True,True,0.23039637079638486,0.1279314062604093,0.12599853618793538,0.10895282040167205,0.1241501780367404,0.12631536275093463,True,0.0034922072125356347,0.004725873270844297,True,0.0,True
HEAD_044_v52,45337,SET THE ARC TO DEGREES CIRCLE THEN READ THE DISTANCE THEN NOTE,cdb20a8a4bf8cad8bd65e3f964ec4aed52678a6112845ab536da683ce1979cf9,0.6666666666666666,2,8,True,True,True,True,True,0.16277191178190284,0.11851095787932249,0.09128510493552593,0.12239862966856968,0.17896883849614714,0.12501642224405046,True,0.00889017099444479,0.005516558322039716,False,0.0,False
HEAD_045_v52,46337,NOTE THE STATION AT THE YARD THEN MARK THEN MARK AND READ AT STATION,7aacbc8044735b2d4e6f95510277fdec6c3c5ccc687d5e234c275d8d604f33d4,0.6428571428571429,2,6,True,True,True,True,True,0.21005648258077114,0.09502471182887724,0.12909485695322415,0.13634822734675361,0.19459950762771824,0.05977989447561263,False,0.0025561388162960697,0.007524812609762265,False,0.0,False
HEAD_046_v52,47337,NOTE THE YARD AT THE COURSE THEN REDUCE AND READ THEN MARK THEN NOTE,95ad481db1489c85af474d75183d92807c3dd7ca2c7287fa7833984fa9eecd15,0.5714285714285714,2,7,True,True,True,True,True,0.19264140252443107,0.08084455358765952,0.10173501635803875,0.12950452807537083,0.12171825975982768,0.1403886496908372,True,0.009875933909672046,0.005757698919037615,True,0.0,True
HEAD_047_v52,48337,SIGHT THE QUADRANT THEN NOTE THE ROSE THEN MARK THEN NOTE AND READ,be5d99606a272a7fa9c4c5888b06c11f33edf2d86b824cbe657a58e250c44262,0.5384615384615384,2,6,True,True,True,True,True,0.17900047339379974,0.12964636633797452,0.1372300298017488,0.13616595277887833,0.12749998954075936,0.08547467295941726,False,0.006121393816098755,0.0071822490269259605,False,0.0,False
HEAD_048_v52,49337,NOTE THE PLATE AT THE STATION THEN CORRECT THEN NOTE AND READ,649b6e7ce73a441b3e3957d4694d5d154502de421e608314f9a4fceb2708806d,0.5833333333333334,2,6,True,True,True,False,True,0.21676858642324914,0.1194597679326835,0.13070395295590181,0.10017205486592229,0.1625813276175065,0.12817954924568337,True,0.007935544061126693,0.004404395637528065,True,0.0,False
HEAD_049_v52,50337,SET THE ANGLE TO DECLINATION CIRCLE THEN READ THE ROSE THEN MARK,e49446cb6929e297b515bdb6546a20124c44342118471e14cf727dfdb84059fa,0.6666666666666666,2,8,True,True,True,True,True,0.16908823061531011,0.09072023440273257,0.1303752224653676,0.1298758476648157,0.13989791170520713,0.11598605228344999,True,0.007701030323409142,0.004623902843925555,True,0.0,True
HEAD_050_v52,51337,SET THE ANGLE TO VARIATION YARD THEN READ THE LINE AT STATION,71dd53b607c9c1fbb256e5c7d7dba2f1f5c8f7e6bc40bf41edc6184aee96c968,0.75,2,9,True,True,True,False,True,0.23484063050521153,0.11816020081396798,0.10116557052180808,0.10325318053063406,0.1991408493550491,0.11317390532021201,False,0.006714386076194252,0.009417453400337162,False,0.0,False
HEAD_051_v52,52337,SIGHT THE SECTOR THEN NOTE THE GRID AT STATION AND READ AT STATION,08286c036ab80b22f70566ea350291d2ecce6b39d021b480e58829e80dc07061,0.6923076923076923,2,7,True,True,True,True,True,0.21940697346427146,0.1073922308066212,0.1348230493966641,0.1175814759310357,0.16059205821794187,0.12338879112372933,True,0.005389236140802183,0.007641843643210196,True,0.0,True
HEAD_052_v52,53337,TRACE THE PLINTH THEN SET THE DISTANCE THEN MARK AT STATION THEN MARK,44a919482cf62f11790c2b3d61d7080181a527d6a54ed9fd0734f1436a623662,0.6153846153846154,2,7,True,True,True,False,True,0.23845195934151073,0.09296484391829679,0.11601540974739714,0.1155443801046484,0.1702659997813568,0.07098829449539981,True,0.009773427889541775,0.006777606581826068,True,0.0,False
HEAD_053_v52,54337,OBSERVE THE PLATE THEN REDUCE THE QUADRANT TO DECLINATION THEN NOTE,ed37aa3cf19d3344555f8c38276f054b4fefb425d4b07a538b9e64e0516fd978,0.6363636363636364,2,7,True,True,True,True,True,0.24378447147155274,0.11936496151298603,0.1078968396152172,0.13179550605344648,0.1548448829320837,0.05107543679204795,True,0.005555120070017894,0.008140646961382829,True,0.0,True
HEAD_054_v52,55337,TRACE THE DISTANCE THEN SET THE ANGLE THEN NOTE AND READ THEN NOTE,545fc5fce8e175d4db6a1f1f2add030ece06fd397ef2ad24f5da5809439a98bc,0.5384615384615384,2,6,True,True,True,False,True,0.20843610253397102,0.10052057597076025,0.13376353212741157,0.14617211683608033,0.1253306479838753,0.14162248619550666,True,0.007949167283097516,0.005734746008688663,True,0.0,False
HEAD_055_v52,56337,BRING THE STONE TO STONE THEN SET THE ANGLE THEN NOTE THEN NOTE,72955925c5aa59f54e92df1053d12612cfbc04b6dbcdd16f5576f42b8d904089,0.6153846153846154,2,6,True,True,True,True,True,0.22737619084168517,0.10589620151838242,0.11644433848568826,0.11109530247247772,0.14584591847590386,0.09886404531751902,True,0.006148246017004736,0.0027283945975090226,False,0.0,False
HEAD_056_v52,57337,BRING THE POLE TO POLE THEN MARK THE POLE THEN MARK AT STATION,624f7d1d77b8527724679f6987a5fd0187dcf065f553f0fa5504f25b2e15de16,0.6923076923076923,2,6,True,True,True,True,True,0.23533195514801944,0.09470191535640447,0.12962720509806086,0.11529884792606318,0.13803543709363097,0.11163702647961832,False,0.0043422626447190416,0.006187911577892209,False,0.0,False
HEAD_057_v52,58337,OBSERVE THE PLATE THEN REDUCE THE POLE TO DEGREES THEN NOTE THEN MARK,80610d4e792cc98ad3684feab24cb710cc4914d9edaf6c1d5c3dcd77f63079bf,0.6153846153846154,2,8,True,True,True,False,True,0.15625195853235319,0.10791416631824131,0.1190647124681205,0.12952278913272458,0.17726968402552784,0.14458272872277128,True,0.003380387794981574,0.006823780149919144,True,0.0,False
HEAD_058_v52,59337,SIGHT THE QUADRANT THEN NOTE THE MERIDIAN AND READ AND READ THEN MARK,279e151185e989e1f2d6353dd9e934b8cac62358c7435c945f42c05bebf2cfc2,0.5384615384615384,2,6,True,True,True,True,True,0.1953617660265043,0.11155327576811122,0.12583103252538808,0.11059721417105789,0.1462175008525494,0.13117443393831435,True,0.004377937501185056,0.004742266215466704,True,0.0,True
HEAD_059_v52,60337,MARK THE MARKER THEN ADJUST THE STONE AT STATION AT STATION THEN NOTE,a8abe93ef46404528bca9ed54d33c85d786a9592ad3495f26fc3d7f3785c67cf,0.6923076923076923,2,7,True,True,True,True,True,0.19332654089983112,0.12796889768009456,0.10559743167776897,0.10571635825368947,0.1704477157443333,0.0639645431134338,True,0.008611764292614711,0.004971976285678507,False,0.0,False
HEAD_060_v52,61337,MARK THE ROSE THEN ADJUST THE STONE AND READ THEN NOTE AT STATION,9431484736384bcd791c4dcfa8e160137f3fcfdae958bd3a4a0156adec2ea064,0.6153846153846154,2,8,True,True,True,True,True,0.23524190295119915,0.10011541566138812,0.11495894944398796,0.1443336672421534,0.12375129504262015,0.07176820528250699,True,0.006228451009293876,0.009327908026172935,False,0.0,False
HEAD_061_v52,62337,FOLLOW THE DISTANCE AT THE MERIDIAN THEN READ THE STONE AND READ,46ada6c20e626526630abe0e1b85eab272c7cc57c66c464fcc960aff0f469943,0.5833333333333334,3,6,True,True,True,True,True,0.23394542699693904,0.10111121684527932,0.09767623368260075,0.12102044654100144,0.13247222897307215,0.09639711128501773,True,0.0077708326199146215,0.003014830309910728,True,0.0,True
HEAD_062_v52,63337,OBSERVE THE PLATE THEN REDUCE THE LINE TO DECLINATION THEN MARK,6ec6041c94366aa136f1e7c23ca22de3d86add7bb489f166943194931c96c5db,0.6363636363636364,2,7,True,True,True,True,True,0.19308307554185128,0.09861459188007599,0.10798009851347275,0.11290002171570705,0.1327378657944854,0.09892888629014916,True,0.005778879356658545,0.008966866205991575,True,0.0,True
HEAD_063_v52,64337,SIGHT THE SECTOR THEN NOTE THE POLE AND READ AT STATION THEN MARK,d54015361ca3756e15be2f98f955f8a5e108311a43eda0601bf4583f5f76f769,0.6153846153846154,2,8,True,True,True,True,True,0.17703978958819633,0.10355107539160147,0.11998988472215394,0.11198690242371051,0.12208863598390332,0.1363874470523397,False,0.0039169963537164865,0.003670153755931776,True,0.0,False
HEAD_064_v52,65337,TRACE THE DISTANCE THEN SET THE SECTOR THEN NOTE THEN MARK THEN MARK,b0e9dfd83f1e16e329ad37dab951bc6c5cfad9c030184a5e5134ade2191a5498,0.5384615384615384,2,6,True,True,True,True,True,0.220878937104578,0.09992981961068435,0.09597400129327985,0.14211602798143522,0.17104917392968816,0.13088964620985324,True,0.006549174942957473,0.006587060587903784,True,0.0,True
HEAD_065_v52,66337,MARK THE SECTOR THEN ADJUST THE ROSE AT STATION THEN NOTE AND READ,d5943191893fb16446d81296a2480ca3bfe661de7b854e9896ec2985a0c2dcfb,0.6153846153846154,2,8,True,True,True,False,True,0.157136301199618,0.10884619223284263,0.12327683532603476,0.13236030436611942,0.14561292768686915,0.0683254362920899,True,0.006563902979308729,0.007044585068527921,True,0.0,False
HEAD_066_v52,67337,SIGHT THE QUADRANT THEN NOTE THE PLATE AT STATION THEN NOTE AT STATION,28fae3366d1111d607860f8c927b68a29b06c69a900797740f75beb1d00a9f3c,0.6923076923076923,2,6,True,True,True,True,True,0.22508833291278202,0.12534050251535628,0.11406042015121284,0.12333552693713785,0.16460705375264484,0.10654175303302925,True,0.0025225459524528056,0.005919697278240154,True,0.0,True
HEAD_067_v52,68337,TRACE THE STATION THEN SET THE MERIDIAN THEN NOTE THEN NOTE AND READ,ee3394704b6ee8294f2562b55350f30ea44dca473c4676d2897bf7a1e29a1c9d,0.5384615384615384,2,6,True,True,True,True,True,0.19691491726902133,0.08069980409617136,0.09245880992736512,0.1288289856728106,0.1493292930226537,0.11452465603203539,True,0.007046731668554494,0.00421314552490675,True,0.0,True
HEAD_068_v52,69337,NOTE THE YARD AT THE MARKER THEN NOTE THEN MARK AND READ AND READ,3c17ecd873553a8c38f88d66875c092a228e155769ef9318fc3612683095ba53,0.5714285714285714,2,6,True,True,True,True,True,0.22952821400885387,0.10806764292136327,0.10784100261018315,0.1410500511553478,0.12902890635550043,0.09704057213391674,False,0.002797705458030415,0.004807241698733828,True,0.0,False
HEAD_069_v52,70337,FOLLOW THE PLINTH ALONG THE POLE THEN READ THE GRID THEN NOTE,9047e4354a1411070f9c76ed00b18bdcae8b7191fbcaef0bd72c894e193551ce,0.5833333333333334,3,7,True,True,True,True,True,0.2002757337469104,0.08691016756944372,0.11683437081626859,0.14439312827239226,0.19394838104563994,0.14324209640545046,True,0.004406635138110716,0.0057117153621469244,False,0.0,False
HEAD_070_v52,71337,FOLLOW THE LINE ALONG THE BEARING THEN READ THE PLATE AND READ,bfd83aaa88ee6ad018daa737116f43de5abf1d3943d74e0558fa7b7c828f8f6f,0.5833333333333334,3,6,True,True,True,False,True,0.21089221519430437,0.10682118203810809,0.13228505584666533,0.12840416825750942,0.1549121638194619,0.08111573178966656,True,0.004133130798270592,0.009447328600407676,True,0.0,False
HEAD_071_v52,72337,MARK THE MARKER THEN ADJUST THE COURSE AND READ THEN MARK AT STATION,119e68745c9b18c472c8a7ac9c1ad37885aebb11f62f7449d463988afd38997d,0.6153846153846154,2,7,True,True,True,True,True,0.15574734187436332,0.08427803612305158,0.1220298733579224,0.1075015879067246,0.15922644812074044,0.08838800669401298,True,0.008909153174317178,0.006255332124023081,True,0.0,True
HEAD_072_v52,73337,OBSERVE THE SECTOR THEN REDUCE THE MARKER TO DEGREES AND READ,bb2eca27bdf8886c2b9e13ba94195ab4735554607fe9c539a484fac90793a551,0.6363636363636364,2,7,True,True,True,True,True,0.22720600307902605,0.11142731903726949,0.09105922744410182,0.13299940972216523,0.13754829888485035,0.06152695835967534,True,0.005565050857702545,0.006800159464931241,True,0.0,True
HEAD_073_v52,74337,SIGHT THE SECTOR THEN NOTE THE ANGLE THEN NOTE AND READ AT STATION,b738bf63cae5e1a6531ca1a924f63a44ab2eb8f806e23162276d35aebfb3671a,0.6153846153846154,2,7,True,True,True,True,True,0.19327585867166558,0.12710431778872452,0.12813700006632528,0.10257197344476826,0.18043620112414155,0.13604844914727743,False,0.005588462981953325,0.002537763563838881,False,0.0,False
HEAD_074_v52,75337,NOTE THE QUADRANT AT THE ANGLE THEN MARK THEN MARK AT STATION,cde54c922ca60662b39d84fb687236e7382ee55a13d722d5ed01cc3aca662b1b,0.6666666666666666,2,6,True,True,True,False,True,0.1902163612135206,0.11775681852584877,0.09577459108634877,0.1087162812721681,0.18205648920510398,0.0820350731789101,True,0.005425313911395258,0.003425241536805137,True,0.0,False
HEAD_075_v52,76337,SIGHT THE PLATE THEN NOTE THE QUADRANT THEN NOTE AND READ AND READ,13884271aa34215558da954261f18ab398ede94145f73151394d4f90d66cfa31,0.5384615384615384,2,5,True,True,True,True,True,0.2375510662394533,0.0884192752920357,0.13313620866728337,0.14253522863692772,0.18832451986682636,0.07879451240933183,False,0.00967449088216005,0.00972011884825454,True,0.0,False
HEAD_076_v52,77337,FOLLOW THE LINE ACROSS THE ROSE THEN READ THE PLATE AND READ,9e57e588694eb2f1bfa14cd128c7f25c4b5d732935aaf956aa753edf03826918,0.5833333333333334,3,6,True,True,True,True,True,0.1972093568761034,0.09155315605019934,0.09973102680133347,0.1230208122876201,0.13421804137183577,0.13384715039164985,True,0.002870475339100068,0.007582312721536815,False,0.0,False
HEAD_077_v52,78337,OBSERVE THE RING THEN REDUCE THE STATION TO TRUE AND READ AND READ,753aeb222bdf208d6448bb38ede88578827fbb7d4a46465dab8381570a56df6d,0.6153846153846154,2,7,True,True,True,True,True,0.2398837614518959,0.10196735073109968,0.1003177621012255,0.14816638059593026,0.15043052366289011,0.12933719526672616,False,0.007809577886387012,0.005350847317313697,False,0.0,False
HEAD_078_v52,79337,SIGHT THE POLE THEN NOTE THE MARKER AT STATION THEN NOTE AND READ,e9aab6e80d5629cba44164c2caaa0b5778ea4dfed40fbf1f7fc33f3268379e8d,0.6153846153846154,2,7,True,True,True,True,True,0.18648830856663026,0.11346040719186803,0.09474314804835134,0.1183204821568471,0.12085124156132912,0.09396022598403599,True,0.005038592891030012,0.002500660943888273,True,0.0,True
HEAD_079_v52,80337,SET THE ANGLE TO ARCSECOND PLATE THEN READ THE ARC THEN NOTE,b20f718a61301f5508fac09352aff8a999e8e38ce9be0c028fdf10050dde2888,0.6666666666666666,2,8,True,True,True,True,True,0.16518443842416883,0.08245731992604698,0.12484757061650631,0.13531282760216545,0.17587883730497658,0.0965317099456746,True,0.009949821442249918,0.002661104472303424,True,0.0,True
HEAD_080_v52,81337,TRACE THE COURSE THEN SET THE GRID AT STATION THEN NOTE AND READ,79ac7a3ac4c869bb6538168c3e2034e51abef25484904cae69df00a2e61efe98,0.6153846153846154,2,8,True,True,True,True,True,0.15811356897640813,0.11394314622675004,0.11540405854779603,0.10865087294039324,0.13430414478629582,0.08216345479346701,True,0.0065894291357628644,0.002046826318007351,True,0.0,True
HEAD_081_v52,82337,MARK THE ROSE THEN ADJUST THE STATION AND READ THEN MARK THEN MARK,0656936cda326a60828e1df9f50b1d502af9e1c053a467a299f074e467610e3e,0.5384615384615384,2,5,True,True,True,True,True,0.1753529070347937,0.09709908826396489,0.10777512788748564,0.1285752444625396,0.172732813279588,0.11502400231517562,True,0.006352581462511942,0.004213517828862685,True,0.0,True
HEAD_082_v52,83337,BRING THE POLE TO BEARING THEN ALIGN THE GRID AND READ AT STATION,084eb8dc423f06b5a0f80b6bac1fdaad26fa199d965a41862a4a1321c1b045a4,0.6923076923076923,2,9,True,True,True,True,True,0.19037739398579107,0.1275724639718782,0.09676301443175382,0.11859595684317235,0.1752948202146115,0.1308068333298405,True,0.006525542565586694,0.00477490952393453,False,0.0,False
HEAD_083_v52,84337,SET THE ARC TO DEGREES DIAL THEN READ THE RING THEN NOTE THEN MARK,a4a2eb9f70734bbfad72dbaff6161838b9879dac2a70f72f271a2f2ac4e08d89,0.6428571428571429,2,9,True,True,True,True,True,0.18139677483417083,0.12585233846787844,0.13452086769986973,0.13017199135726992,0.1498967800471242,0.07540568760167839,False,0.005466753896746152,0.004656879762251221,True,0.0,False
HEAD_084_v52,85337,TRACE THE COURSE THEN SET THE QUADRANT THEN NOTE AND READ THEN MARK,bbdfb9990192d24f37eac427843181228df0d89c233759f4b9472703495f2608,0.5384615384615384,2,7,True,True,True,True,True,0.23233008402470065,0.10024185053585177,0.11198940679041716,0.1344399286017054,0.14634421063360453,0.10673899777353432,True,0.008530677193194192,0.007333083541539378,True,0.0,True
HEAD_085_v52,86337,MARK THE MARKER THEN ADJUST THE BEARING AND READ AND READ THEN MARK,5ad23b5897678d3cc411ab4743551dc7d313cae9fa08551e6794f0eae63fb985,0.5384615384615384,2,5,True,True,True,True,True,0.24515512143753795,0.12080001868745378,0.11936406951888229,0.12321565083688533,0.17131346452000165,0.0986712541778037,False,0.00997865701194396,0.002799894902374847,True,0.0,False
HEAD_086_v52,87337,SIGHT THE SECTOR THEN NOTE THE COURSE AND READ AND READ AT STATION,64aad8738d86627178be978a2c6bc86fab9183989e3a910c913295d0140bfc80,0.6153846153846154,2,7,True,True,True,True,True,0.1704734430218059,0.10351305490183316,0.13139887812925982,0.12789506091718378,0.17250020712620523,0.14238777338049027,True,0.008035334146369845,0.005133039422422351,True,0.0,True
HEAD_087_v52,88337,SIGHT THE SECTOR THEN NOTE THE STONE AND READ THEN NOTE AT STATION,59610f310ba20082ef1a25caf21e8e987b88d27fbd14e452e7f5f70ad77340cf,0.6153846153846154,2,7,True,True,True,True,True,0.18317492103853789,0.08305542170966136,0.13278347064420545,0.14386506251102776,0.17112549483362058,0.12205941719569854,True,0.007355654979487333,0.009739195581270867,True,0.0,True
HEAD_088_v52,89337,NOTE THE PLATE AT THE PLINTH THEN CORRECT THEN MARK THEN MARK,0426cb75b31b1083461744835d4a8883ca5cde101906c83f2024fd1c27b951a4,0.5833333333333334,2,6,True,True,True,False,True,0.22344758269658932,0.08841969893806562,0.12198793664880814,0.103779637347632,0.12804224187192007,0.051690253637201145,True,0.007464252334541877,0.004754136026961937,True,0.0,False
HEAD_089_v52,90337,OBSERVE THE RING THEN REDUCE THE STONE TO SECONDS AND READ THEN NOTE,170eb3beec198ee0b75be5f1bfdb22ea726776a28ea223e670b5178cd394fd78,0.6153846153846154,2,8,True,True,True,False,True,0.17579207947050055,0.08830843524975907,0.09862788955105978,0.14670568085221405,0.19242945392392286,0.09705048873681861,False,0.009957780164664278,0.004496882149444175,True,0.0,False
HEAD_090_v52,91337,BRING THE PLINTH TO STONE THEN FOLLOW THE MERIDIAN AND READ THEN NOTE,8b7b4c050879363dd85561665ef2ed619a0c5d12056b4f6987fe37ba329e7e85,0.6153846153846154,2,8,True,True,True,True,True,0.16587849374304006,0.11462843500223444,0.0915424946671033,0.11034750196900324,0.1235055282909986,0.053114184207335505,True,0.004715723442400201,0.006696208905856947,False,0.0,False
HEAD_091_v52,92337,TRACE THE COURSE THEN SET THE STATION THEN NOTE THEN MARK AND READ,3931be3b695ed6172a8cf1f88d633536dc6bd7f66a92c32cebbbce624156ed5b,0.5384615384615384,2,7,True,True,True,False,True,0.2388253135294432,0.0833920397941035,0.09501813150166537,0.1326871934338731,0.171230346656213,0.057077160957504716,True,0.0064222512529353,0.003492977590622541,True,0.0,False
HEAD_092_v52,93337,OBSERVE THE PLATE THEN REDUCE THE STONE TO ARCSECOND AT STATION,4583a46580c37559520f26b518453dd98587c9734f60552cf6e04964f2cca169,0.7272727272727273,2,8,True,True,True,True,True,0.1942570410547445,0.1233950673730452,0.1337256910158188,0.14223988798398352,0.1561207523519885,0.053357654094357526,True,0.003285443795617387,0.004470094520450254,True,0.0,True
HEAD_093_v52,94337,SIGHT THE PLINTH THEN NOTE THE QUADRANT THEN NOTE AND READ THEN NOTE,176b66828dea851eaf700c92d088e6491fd879dd8472ba5405d2cdb69c213c2b,0.5384615384615384,2,5,True,True,True,True,True,0.20049016898598504,0.11771336304621126,0.10622576198255422,0.10527357301569124,0.1478068748335248,0.13731658481391845,True,0.004587578327863187,0.00633176695706312,True,0.0,True
HEAD_094_v52,95337,FOLLOW THE DIAL UNTIL THE PLINTH THEN READ THE RING AT STATION,c1016a30cbf24a55083e8666abccab10560009c2ae4cc33365fde87feb21748e,0.6666666666666666,3,8,True,True,True,True,True,0.1534375976819374,0.09724648905892408,0.13889077572811256,0.10706720661242643,0.19396114706305706,0.14462859157909558,False,0.009928719512370532,0.0072614893029151325,True,0.0,False
HEAD_095_v52,96337,OBSERVE THE RING THEN REDUCE THE SECTOR TO ARCMINUTE THEN NOTE,54a73d69a7c0d3ebac75dce570684ad44465536a01c6fbc7b889e2834302b99f,0.6363636363636364,2,7,True,True,True,True,True,0.21007253131811604,0.11556154813201511,0.13120929090505287,0.10868862489038875,0.1750749841042167,0.07899117057784359,True,0.0074016990144040815,0.008416138875607965,True,0.0,True
HEAD_096_v52,97337,BRING THE CIRCLE TO PLINTH THEN APPLY THE COURSE THEN NOTE AT STATION,0bf5ba4534f1a97003abdeafedaa11952b7c5c07bcb517c34b885b2a86f192ce,0.6923076923076923,2,9,True,True,True,True,True,0.15812497126478373,0.08379769129182589,0.12344383287255964,0.1379019266948962,0.12747922537841597,0.11498908617372455,False,0.0033105205730058146,0.005754399601013019,True,0.0,False
HEAD_097_v52,98337,OBSERVE THE RING THEN REDUCE THE ARC TO MAGNETIC THEN NOTE THEN MARK,df493375a12fda1c5ee8684fa6b1b7a8e0aa2c77eb2ef2e68cf1612d941dbae1,0.6153846153846154,2,8,True,True,True,True,True,0.17562642138366774,0.11770891801873541,0.12497523926555254,0.12275631557339095,0.16681874926620907,0.12871360279792016,True,0.00434544992354501,0.009533263677342588,True,0.0,True
HEAD_098_v52,99337,SIGHT THE ANGLE THEN NOTE THE DISTANCE THEN NOTE THEN NOTE AT STATION,9a5903c8eb64026d62f853879751bbcfaf55dd30544b7a9ee12c2e1e152eb5f0,0.6153846153846154,2,6,True,True,True,False,True,0.15542060586795073,0.1065395293961279,0.10270455138408245,0.11483559656377941,0.15597901596253252,0.11048359148461112,True,0.0094673946865559,0.009268645076098241,False,0.0,False
HEAD_099_v52,100337,TRACE THE COURSE THEN SET THE RING AT STATION AND READ THEN MARK,9514828dc90a577cfbe64535acee3fe225cd7ec9d7455b60ef1f982e5c6ba3ea,0.6153846153846154,2,8,True,True,True,True,True,0.170656653464742,0.10956069784234068,0.11259400448235322,0.14592261637231535,0.1980380614395345,0.10450347344333903,True,0.005342748409962913,0.004504265323664297,True,0.0,True
HEAD_100_v52,101337,TRACE THE COURSE THEN SET THE MERIDIAN AND READ THEN MARK AT STATION,72f35bf2b8505bd160d8b400b4517c8bf1e37ab0347a0530f0599896cf98f4fa,0.6153846153846154,2,8,True,True,True,True,True,0.15975598010864536,0.10860078129721368,0.12734933743303584,0.12083417474543406,0.1890453402983845,0.08411477478948659,True,0.005973616009420294,0.004455508114998494,True,0.0,True
HEAD_101_v52,102337,TRACE THE PLINTH THEN SET THE DISTANCE AND READ AND READ THEN NOTE,9103e032cd9d050a3b212650ee137d9ce0689c6ad1b6ea73764a33296259d2e2,0.5384615384615384,2,6,True,True,True,True,True,0.22326590028377583,0.11799989034058893,0.09820359689376532,0.10612373346937737,0.1351743818375234,0.12440038369260453,False,0.00966352934229213,0.009153871123763289,True,0.0,False
HEAD_102_v52,103337,TRACE THE DISTANCE THEN SET THE ROSE THEN MARK AT STATION AT STATION,3e5baac9df05699d90f107917d5beedc86d354bfb162c0861b6d0997f814e005,0.6923076923076923,2,7,True,True,True,True,True,0.1710216025558744,0.10483879159388042,0.11318857457458638,0.1083941452811496,0.15950292126607193,0.14781503402069196,True,0.007032564616959037,0.006099499609624443,False,0.0,False
HEAD_103_v52,104337,BRING THE STONE TO COURSE THEN ALIGN THE PLATE AND READ AT STATION,d2992569ecf63724fe5911e631164ffde2f2d0e09bedeaccb5deb8530a1fa0dd,0.6923076923076923,2,9,True,True,True,False,True,0.1871456429879751,0.10585206814016157,0.13568444078078207,0.10129295753310708,0.19024208734056353,0.09788827111212756,True,0.004461580156843085,0.006183497220169363,False,0.0,False
HEAD_104_v52,105337,TRACE THE PLATE THEN SET THE YARD THEN MARK THEN MARK AND READ,e37320d145a379936090ef5fc0657e60ebab36f9515dddcb72d5a726b84d24d0,0.5384615384615384,2,6,True,True,True,True,True,0.21350884011101445,0.09381070494926333,0.1054035630183717,0.1357433013710533,0.13314945388222352,0.08841118276181559,True,0.007591093945436702,0.009750542542091886,True,0.0,True
HEAD_105_v52,106337,MARK THE ROSE THEN ADJUST THE MERIDIAN AND READ AT STATION AT STATION,e3afec0611c794a5d7396ff3ea95ba5c42bf3266de462829de8e205fb7e8afe2,0.6923076923076923,2,7,True,True,True,True,True,0.22903561744580797,0.1059586379545624,0.10303127474924932,0.14575824469008736,0.13515479564945637,0.11147806424160385,True,0.0026813467601018966,0.00724464391235965,True,0.0,True
HEAD_106_v52,107337,NOTE THE MERIDIAN AT THE CIRCLE THEN MARK AT STATION AT STATION,03b9fd12497fd9ed513663c3d7353c9d62534730c1b403d4f39ee8f0d4293eb4,0.75,2,6,True,True,True,True,True,0.24834012501315902,0.1278815088349574,0.12006981387299695,0.14632844001895512,0.19546616495887775,0.08582598862588245,True,0.0054872337154391665,0.006582673069153424,True,0.0,True
HEAD_107_v52,108337,FOLLOW THE LINE ON THE ANGLE THEN READ THE DIAL AT STATION THEN NOTE,8d23e0643e9885b25e45278f4760f6fcd5c21252aa2fdd6efda99cdb82bc7659,0.6428571428571429,3,9,True,True,True,True,True,0.22268741972310716,0.11978104480047344,0.10918837729387179,0.10736315708440555,0.14498134453213274,0.08147551226795846,True,0.006103615623917486,0.008909689381384332,False,0.0,False
HEAD_108_v52,109337,NOTE THE YARD AT THE ARC THEN NOTE THEN NOTE AND READ AT STATION,281e5eb9a39e8956294d30cc3b69bc38baf3c985099938ad339f9e7f5f7448f0,0.6428571428571429,2,6,True,True,True,False,True,0.23428501122824566,0.12286187923252387,0.10015878539081846,0.11092534884686134,0.16265721252044715,0.11251642833776263,True,0.003645808987744011,0.006700393840686168,False,0.0,False
HEAD_109_v52,110337,SIGHT THE QUADRANT THEN NOTE THE DIAL THEN MARK AND READ THEN NOTE,e61f5093e448118f128225dc4ebf41628fc55bf2c1381642eec6351f22d7efa2,0.5384615384615384,2,6,True,True,True,True,True,0.15090362998889012,0.12220508404883261,0.10079575498868856,0.13356437398557833,0.17999204427379173,0.11017050050513189,True,0.007852312515529414,0.003068779557439797,False,0.0,False
HEAD_110_v52,111337,BRING THE POLE TO RING THEN NOTE THE POLE AT STATION AND READ,a29397a3448d2698ba99a7beda15b101a592b594fab7dec80a59f4abfe320b3d,0.6923076923076923,2,8,True,True,True,True,True,0.21069616998503665,0.09792512142946229,0.1250492972862453,0.11545429551937791,0.18748625621706355,0.09796388250791846,True,0.008269054673844936,0.008670333583063704,True,0.0,True
HEAD_111_v52,112337,SIGHT THE QUADRANT THEN NOTE THE BEARING AND READ THEN NOTE THEN NOTE,12c876d8ee86ae11499f57519e009f523e7b9708f1795dab955d62e54ff8efcb,0.5384615384615384,2,5,True,True,True,True,True,0.1864116487995724,0.08063402001978506,0.1001511507145648,0.1400817086515649,0.17916621955156245,0.0916896547829016,False,0.009137541821490663,0.0030814219868967535,True,0.0,False
HEAD_112_v52,113337,SIGHT THE COURSE THEN NOTE THE DIAL THEN MARK THEN NOTE AT STATION,dc0e3054f8a7bcfb35dbd0e140e55d6dfcc090188649c2d27a5358712983bb8c,0.6153846153846154,2,7,True,True,True,True,True,0.18812806924537034,0.09442509758695822,0.11970710842490129,0.14939266347572433,0.12476524835046698,0.05198227925038071,False,0.008175351550486229,0.0022897784900272836,True,0.0,False
HEAD_113_v52,114337,MARK THE MARKER THEN ADJUST THE PLATE THEN MARK THEN MARK THEN NOTE,0ab9f10fc2f613129fffb9c73254d7b5c251ab625646334701f5cf325e1b8dd9,0.5384615384615384,2,5,True,True,True,False,True,0.16646990422682306,0.1098157378754254,0.12049994525798005,0.10170275947379304,0.1532904463512781,0.13818405870028727,True,0.008064321326620386,0.009313458658358137,False,0.0,False
HEAD_114_v52,115337,SIGHT THE SECTOR THEN NOTE THE DISTANCE AND READ AT STATION AT STATION,2fd8a29ab4f7e4881bf1507b004d8b8b4cb88973fa8346823bb022f6908f385d,0.6923076923076923,2,7,True,True,True,True,True,0.20418275253354878,0.0833681551870773,0.10061484722870737,0.10632372605640505,0.13398117481233365,0.11864389077404823,True,0.007482746827140103,0.009414002702468015,True,0.0,True
HEAD_115_v52,116337,OBSERVE THE RING THEN REDUCE THE STONE TO ARCMINUTE AT STATION,b01b62ce3b260725ed220f91282da6cc20fcf18cd04877f3dc78bc479638603e,0.7272727272727273,2,8,True,True,True,True,True,0.18147351120736094,0.12776792698469694,0.12929974158702673,0.13367147721306824,0.14492473762113228,0.12443204202372327,True,0.006331005524277452,0.004543255674654424,False,0.0,False
HEAD_116_v52,117337,SIGHT THE QUADRANT THEN NOTE THE BEARING AND READ THEN MARK AT STATION,a3a55143c69b8656d2b7bf3d8b882507d5c3b7d39b6462006e4ffd5d8750ed9a,0.6153846153846154,2,8,True,True,True,True,True,0.18822479458049282,0.1254741813869273,0.12411129599526322,0.10637865258261166,0.12463699519009995,0.12025153443738311,True,0.0044099557047180184,0.008892308771075302,True,0.0,True
HEAD_117_v52,118337,NOTE THE YARD AT THE ARC THEN READ THEN NOTE THEN NOTE AT STATION,b5265f891c786dbb33c2005c8312eb33a108c9f643b1703d1cb355c60b82c9ae,0.6428571428571429,2,6,True,True,True,True,True,0.1576884349795392,0.08120771250104912,0.10921732552158891,0.11395040463272835,0.15929099916583186,0.07309326809872407,True,0.006697756153466143,0.007676914229697672,True,0.0,True
HEAD_118_v52,119337,NOTE THE STONE AT THE MERIDIAN THEN CORRECT AND READ AND READ,11c90af2d22e965bc78bbc4a7e72405b8f27768599b2716764d604dfbf184395,0.5833333333333334,2,6,True,True,True,True,True,0.18741105349432996,0.12245567173806583,0.1338121395361742,0.10918258205056543,0.1433138060202267,0.10283190878630721,False,0.008575603621234924,0.0069393304315499655,False,0.0,False
HEAD_119_v52,120337,BRING THE POLE TO STATION THEN REDUCE THE QUADRANT THEN NOTE,8e0345a1ed4da644af5357523b699084959372c884a50a3a1763101392995a4b,0.6363636363636364,2,7,True,True,True,True,True,0.16534303389161273,0.08784114019568799,0.1085977235916441,0.14308642509999575,0.13420366109766055,0.13140282179973406,True,0.0022579093079238524,0.006506861209366839,False,0.0,False
HEAD_120_v52,121337,TRACE THE COURSE THEN SET THE MARKER THEN MARK AT STATION THEN NOTE,11e523ff12bfffd991a75a11cd910ca67b8268d76e04e5c38dee74f728154bd5,0.6153846153846154,2,8,True,True,True,False,True,0.1694188363607632,0.08657719657389938,0.10204141790644425,0.12306841766248139,0.17183937105797661,0.11568894961592055,True,0.004788144455010248,0.007962566428741675,True,0.0,False
HEAD_121_v52,122337,OBSERVE THE PLATE THEN REDUCE THE GRID TO ARCMINUTE AT STATION,bd3d9ef558a3a62f0d2fbd20c1f03ae24a84d166440344188d917e9eb9f1153a,0.7272727272727273,2,8,True,True,True,True,True,0.21630671475790755,0.10135102945584366,0.12178174724962622,0.11282226791884388,0.12159132832004692,0.09271783553869581,True,0.0066084054467022485,0.0021935044781009375,False,0.0,False
HEAD_122_v52,123337,TRACE THE COURSE THEN SET THE DISTANCE AND READ AT STATION AND READ,f1a53814640f081a10b6d918d17ebfd8262d15abeb0d9ea0479022efe0e7f633,0.6153846153846154,2,7,True,True,True,True,True,0.19923519554105215,0.10839156298180726,0.1392283381573019,0.11607061577094177,0.16605721546316513,0.13719297070947087,True,0.009401914218301676,0.007942102285466041,True,0.0,True
HEAD_123_v52,124337,SIGHT THE QUADRANT THEN NOTE THE MERIDIAN AND READ AND READ AND READ,929f8a6792e7e99d79241d4a7296922e73f359e98819c1d724a174bae3496781,0.5384615384615384,2,5,True,True,True,False,True,0.20989350108269392,0.11633812670799118,0.13280748449797075,0.13494393887864803,0.13342573294223803,0.14224814607869446,True,0.004792286164132922,0.007886930994153479,True,0.0,False
HEAD_124_v52,125337,TRACE THE COURSE THEN SET THE COURSE AND READ THEN NOTE AT STATION,e4bf8c298aa1b7c03f9eaa5b5759bb5c59a1674280d38f2f9a148489df0daea2,0.6153846153846154,2,7,True,True,True,True,True,0.1887172187705936,0.10632966213992123,0.12524909541681165,0.14744626960666096,0.12506698462764015,0.11959205639627819,True,0.0034223483958328174,0.007247398410679768,True,0.0,True
HEAD_125_v52,126337,SET THE ANGLE TO SECONDS ANGLE THEN READ THE ANGLE AND READ THEN NOTE,e425324aaf8f007e04ab57d29ac443e659ad9d21a1f2d22fd5cadc5231ac6fd7,0.6428571428571429,2,6,True,True,True,True,True,0.2165857157005177,0.12826569834939913,0.09015416738491594,0.12853808485434218,0.18593851349466786,0.10890582707114047,True,0.009095717507120113,0.009660878688384427,True,0.0,True
HEAD_126_v52,127337,MARK THE MARKER THEN ADJUST THE ROSE THEN MARK THEN NOTE AND READ,ca52310e423f0b141fe05cab17b1842e7e33404909e3ada49a1849e96f7b142c,0.5384615384615384,2,6,True,True,True,True,True,0.22567474460777692,0.10193688404178194,0.13691251323288278,0.1401235147847611,0.1218581640280324,0.10006812156465077,False,0.008647195259552088,0.008319542452616046,True,0.0,False
HEAD_127_v52,128337,BRING THE POLE TO GRID THEN APPLY THE MARKER AT STATION THEN MARK,227417e08f14b959718d9bf1c4830cadc8ef6fd20ee6379d07c95eb40d3e6e30,0.6923076923076923,2,9,True,True,True,True,True,0.16806471743253434,0.10719466675045222,0.12400891012346472,0.14006951804828816,0.17520477607004883,0.08831383266709707,True,0.0075060001354529836,0.007413121731837737,True,0.0,True
HEAD_128_v52,129337,MARK THE MARKER THEN ADJUST THE MARKER THEN MARK THEN MARK AT STATION,538f29dc164744b99fa8c31f841ac55a134420fb26b42f7e03703f6c94fe5e87,0.6153846153846154,2,5,True,True,True,True,True,0.21472606838273714,0.1002508915055704,0.1310147903048531,0.11036144919088013,0.1660898886083607,0.11532847635068301,True,0.0038987364433856267,0.006139620831579718,False,0.0,False
HEAD_129_v52,130337,FOLLOW THE DIAL ALONG THE ANGLE THEN READ THE LINE AND READ THEN NOTE,5578b78fe5bb67457430161726e279a0651644d90dd29cd08b4b50f2aa07e027,0.5714285714285714,3,7,True,True,True,True,True,0.1731942206331598,0.11493402648505212,0.11265644886600817,0.1221636546155044,0.17141517847199297,0.14698994678206515,True,0.002760136796873419,0.007324472651065499,True,0.0,True
HEAD_130_v52,131337,SIGHT THE SECTOR THEN NOTE THE PLATE AT STATION AT STATION THEN NOTE,ab0d753854c9c600f6e4b57b06aa053106e5c715b55af9a030c71d2c9dad283a,0.6923076923076923,2,6,True,True,True,True,True,0.17940680874115592,0.0843620879398867,0.11356980810304772,0.11823402801915639,0.14934052520454677,0.1303513901142549,True,0.004405992885763876,0.005206896885090199,True,0.0,True
HEAD_131_v52,132337,SIGHT THE SECTOR THEN NOTE THE ROSE THEN MARK THEN MARK THEN MARK,672edc1e1f96ae5f7a4e1077687f87c0d36fac4bb1822ad9710b8d5a8f22da95,0.5384615384615384,2,5,True,True,True,True,True,0.17149296931876995,0.09706988995698071,0.13378706310985855,0.13948884082135568,0.1242159459608184,0.11836105524259355,True,0.00314427156659063,0.007916532617668457,True,0.0,True
HEAD_132_v52,133337,MARK THE ROSE THEN ADJUST THE PLINTH THEN MARK AT STATION THEN MARK,757302a981154ebec65ab8f47d10ec1082b1554358b3f954732df070cbe7a279,0.6153846153846154,2,6,True,True,True,True,True,0.15756666296956376,0.12655944590661541,0.11120930451420195,0.10216632704019993,0.14860993333128178,0.07288942368970502,True,0.007117972361270426,0.008473114090422375,True,0.0,True
HEAD_133_v52,134337,SIGHT THE QUADRANT THEN NOTE THE GRID AT STATION AND READ THEN NOTE,fea6d690798ca9f579213b97bf9b2943be62a2ae4ce6dc3d2614c1756714f856,0.6153846153846154,2,7,True,True,True,True,True,0.1543566839589216,0.10693916186017774,0.11404893001321628,0.11316410566135018,0.14248316634524097,0.09480740413155272,True,0.00373470942371641,0.008396448676347458,True,0.0,True
HEAD_134_v52,135337,BRING THE STONE TO ROSE THEN SET THE ARC THEN MARK THEN NOTE,a521d689348db8a1700f5cfb8c0151bcee420cad985d5609783abdd1fcc86339,0.6153846153846154,2,8,True,True,True,True,True,0.17422991370886118,0.10249784626292835,0.09576965969586808,0.13083843605741202,0.19722469909049134,0.1457896137022808,True,0.008381040500077241,0.002958379091533459,False,0.0,False
HEAD_135_v52,136337,FOLLOW THE DIAL ALONG THE MERIDIAN THEN READ THE ROSE AND READ,027f945737890e2d13338011dcc13aedb267ef9adaf016b5d765359b42a1aaed,0.5833333333333334,3,6,True,True,True,True,True,0.22667863678562097,0.12115406769841353,0.13099142311842635,0.11843342028004432,0.13929784869586553,0.11536026711604665,True,0.0053677291133443494,0.008763508602715893,True,0.0,True
HEAD_136_v52,137337,TRACE THE COURSE THEN SET THE STONE AT STATION AND READ THEN NOTE,a9f098388ec8f5d92c59638b12d287f054b6c97b279221f58c96cb4b6631ff4a,0.6153846153846154,2,8,True,True,True,True,True,0.1879415254288149,0.12489636905651749,0.13045800762269022,0.11538456587177354,0.16087422802958332,0.10624365769781055,True,0.009687307498114302,0.0033358800643543563,True,0.0,True
HEAD_137_v52,138337,SIGHT THE SECTOR THEN NOTE THE BEARING AND READ AND READ AND READ,23ce413d26fb3d4b3fc30b5f837b7b6c64c3d4c4ee60da0b7cad3a61b7e01402,0.5384615384615384,2,5,True,True,True,True,True,0.2078319848408099,0.12516773033650513,0.136755653113483,0.1094156960111489,0.1512322046098693,0.08322757313931514,False,0.007994849267837351,0.007074737950698319,True,0.0,False
HEAD_138_v52,139337,OBSERVE THE RING THEN REDUCE THE COURSE TO MAGNETIC AND READ,4bc959aeb7c025ea4ba27b72f7d4ac3509a9e737638019e4b7f115bf77b4a437,0.6363636363636364,2,7,True,True,True,False,True,0.15122060156976333,0.10815883525925006,0.12800198952877356,0.1378784301138501,0.13492615920698323,0.06163109287102539,True,0.005546917088206071,0.00264373157115588,True,0.0,False
HEAD_139_v52,140337,TRACE THE DISTANCE THEN SET THE DISTANCE AND READ AT STATION,fb5bd0be0625b72502847c5f3be6e7e70111b8e610287bbf3229497ca14337fb,0.6363636363636364,2,6,True,True,True,True,True,0.15366124102109285,0.12724518495438122,0.12109940631681078,0.12529560536359455,0.1288308236089555,0.08456719224453438,False,0.003448251988152724,0.007765120755101051,True,0.0,False
HEAD_140_v52,141337,OBSERVE THE RING THEN REDUCE THE LINE TO ARCMINUTE THEN MARK,b67c65af81c7c55358afd6507f746005373fe7251f7a503f0ba545ea4b56a297,0.6363636363636364,2,7,True,True,True,True,True,0.17410012102016154,0.11853203553019831,0.133715660984758,0.11968655519943684,0.15123538967863978,0.06243757275479048,True,0.005124560749530839,0.0059307298867018994,True,0.0,True
HEAD_141_v52,142337,BRING THE POLE TO RING THEN CORRECT THE MARKER AT STATION THEN MARK,d28a153cea9e3893cb8e9ac2bce44b6732148f47def00a4e3bcbb8579ed1b845,0.6923076923076923,2,9,True,True,True,True,True,0.2371533119061949,0.09656409846294739,0.12435027309099198,0.12341009417504908,0.16554171442494608,0.050801182420546556,True,0.008484534804479766,0.002832090401608151,True,0.0,True
HEAD_142_v52,143337,SET THE ARC TO MINUTES DIAL THEN READ THE DISTANCE AND READ AND READ,19d58a0626ec9337c492107271c6594e59e7d57a01e7e3063dfbb402dae37f0a,0.6428571428571429,2,7,True,True,True,False,True,0.15179519128396504,0.09379232230183682,0.13086124083570835,0.10616451233971111,0.13523139308421023,0.06515054982908036,False,0.0031894654698850482,0.009639606157330175,True,0.0,False
HEAD_143_v52,144337,OBSERVE THE ROSE THEN REDUCE THE YARD TO DEGREES AND READ AND READ,7060ee62e74763be2fe20fa0cae2dbb57d3ef449b0452aa5574a6ed74e23332a,0.6153846153846154,2,7,True,True,True,True,True,0.15340546948344888,0.10985108603269175,0.10810992263528402,0.12092932444147844,0.1991691841282654,0.10450373278445564,True,0.006056869218068947,0.0024847820763435904,True,0.0,True
HEAD_144_v52,145337,FOLLOW THE LINE AT THE SECTOR THEN READ THE ROSE THEN MARK THEN NOTE,08882683bd615e7c6fdbeb41d70a62ca45a0b553dd48fa714ebd424c4272ab70,0.5714285714285714,3,8,True,True,True,True,True,0.16416232402056682,0.09785868119902996,0.13970941297532996,0.1168590535390772,0.1385486288280889,0.13809912346859698,True,0.006970281722338975,0.008766392101389056,True,0.0,True
HEAD_145_v52,146337,SIGHT THE QUADRANT THEN NOTE THE ARC THEN NOTE THEN MARK AND READ,6c8e676973e43f8280437e34d6370e8f37d7e7d0078214b60c8947502804e0f2,0.5384615384615384,2,6,True,True,True,True,True,0.18502663551800286,0.09901230292990802,0.11709815354295158,0.13827480850746238,0.18484789872175222,0.12808404574418553,False,0.008896632723560779,0.005787768830353828,True,0.0,False
HEAD_146_v52,147337,NOTE THE YARD AT THE MERIDIAN THEN ALIGN AND READ AT STATION,22b52168d71565089890fc9d553cf3b6e5110a2171b5b7caef441caa224215dd,0.6666666666666666,2,7,True,True,True,True,True,0.1891582904668604,0.11183913185040638,0.1343770948927083,0.11228098914005506,0.1543798773514276,0.11150250749840668,False,0.0046639853622935734,0.009631250503614679,True,0.0,False
HEAD_147_v52,148337,MARK THE ROSE THEN ADJUST THE ARC THEN NOTE AT STATION AND READ,e25dd8b11d330fd7fa4a79ace503137d31999f194c2a7b93fb09804e3046993f,0.6153846153846154,2,8,True,True,True,True,True,0.19819477356660256,0.12320566972124213,0.11991167216354894,0.14194123249181406,0.16250879081715258,0.11446326221575309,False,0.006835978175568698,0.009077156940765625,True,0.0,False
HEAD_148_v52,149337,TRACE THE COURSE THEN SET THE PLATE AT STATION AND READ THEN MARK,244d3241a6ce8885653c7b7bb1d0b376282596109db68059e2e04296d9aa08bd,0.6153846153846154,2,8,True,True,True,True,True,0.191985444524645,0.08671134033784546,0.09561829528265675,0.13234180109718013,0.1952296227176557,0.05336488305686609,True,0.007751365748115378,0.005231656616902931,False,0.0,False
HEAD_149_v52,150337,FOLLOW THE LINE ACROSS THE COURSE THEN READ THE MARKER AND READ,daa32ec7985134a3154750dab0d2778ce08ef404440736ebac17f7ff9ca2c702,0.5833333333333334,3,6,True,True,True,True,True,0.20691946122516838,0.09534006661203429,0.10535037504618341,0.1080480635884632,0.1744051094519285,0.11007414797060432,False,0.009185912346835086,0.005321589500413906,True,0.0,False
HEAD_150_v52,151337,SIGHT THE SECTOR THEN NOTE THE CIRCLE AT STATION AT STATION THEN NOTE,8a34ec41948de8e6b77fe99417fdf863a24353627eb1b5b3657feda5235c6ed5,0.6923076923076923,2,6,True,True,True,True,True,0.22641311611416953,0.10183605197039605,0.12360753305047693,0.13683648253979627,0.1392731883350562,0.13283511129899758,True,0.009991066701754715,0.0033217549813590415,False,0.0,False
HEAD_151_v52,152337,BRING THE PLATE TO POLE THEN NOTE THE YARD AND READ THEN MARK,82484505a004fe54719698832a0373c6662511011f7922709c6201db5bb40424,0.6153846153846154,2,8,True,True,True,True,True,0.2040664920961734,0.10887912178496992,0.12858025587822156,0.13375983317008183,0.1703379765338333,0.05057958394548731,True,0.009716524612926134,0.005460353154179176,False,0.0,False
HEAD_152_v52,153337,NOTE THE STATION AT THE STATION THEN SIGHT AND READ THEN NOTE,0895e63d63bdb26442759dabfbe68c8e63dc26db1008f41ae4d3d8f44a9e3c7a,0.5833333333333334,2,5,True,True,True,True,True,0.23904825211307315,0.12360491282094524,0.0905783215688141,0.14982945069621093,0.16296676774026775,0.06519814181314747,True,0.004410317664411807,0.007747133497749992,True,0.0,True
HEAD_153_v52,154337,OBSERVE THE RING THEN REDUCE THE GRID TO MAGNETIC AT STATION,7c57a39473771233f38d60806daff51608a9094f078167927999c477e48e821d,0.7272727272727273,2,8,True,True,True,True,True,0.17220146167158362,0.10066070330090812,0.12497883778128348,0.12374815350129678,0.14982817028933276,0.1110660185959299,True,0.008622109091113515,0.003944044401099302,False,0.0,False
HEAD_154_v52,155337,MARK THE ROSE THEN ADJUST THE QUADRANT THEN NOTE THEN MARK AND READ,997a788e77951858dd7ba29cb1bc38eb2539260382ef79e39815f557321ba15c,0.5384615384615384,2,6,True,True,True,True,True,0.22121345851931568,0.098376778777879,0.0997289937099463,0.12200119254801348,0.17448301100985236,0.1373251948098383,True,0.003959496863661365,0.007310694326681324,True,0.0,True
HEAD_155_v52,156337,FOLLOW THE LINE BETWEEN THE ROSE THEN READ THE CIRCLE AT STATION,9310cc57b31f0e23a79d772289d551e5f30eef0e23cc1d52f1e73803ed6565f5,0.6666666666666666,3,8,True,True,True,True,True,0.16370758921452724,0.09652322577259145,0.0973020540032899,0.11221471430463056,0.14059673083070343,0.07017073462794654,True,0.008042437912105987,0.00782026595791046,True,0.0,True
HEAD_156_v52,157337,SET THE ARC TO MAGNETIC PLINTH THEN READ THE POLE THEN MARK THEN NOTE,567e598173f3ed5e38080ee57041cad00bfe4dab091e88d6db944521c150cd78,0.6428571428571429,2,9,True,True,True,True,True,0.15468653704109583,0.09475420189867306,0.09256785312428052,0.1313583101860463,0.19812600544865583,0.056410518962377955,True,0.007726323701496195,0.009333637788033672,False,0.0,False
HEAD_157_v52,158337,FOLLOW THE DIAL OVER THE BEARING THEN READ THE PLATE THEN MARK,0f3c063adc41529d49034213eb0f15bfa3f57abb1985b8ce5da1b915f6706a6a,0.5833333333333334,3,7,True,True,True,True,True,0.16818296648125106,0.09200281864080839,0.11070414047717893,0.10951457097451418,0.13343746911621127,0.07391431156696857,True,0.003246082390813678,0.006206437598641508,True,0.0,True
HEAD_158_v52,159337,TRACE THE ROSE THEN SET THE ARC THEN MARK THEN MARK THEN MARK,856677d932b49551cbb094eab179a1f96a93f19326dc52c4deab50b67c160780,0.5384615384615384,2,5,True,True,True,False,True,0.18496017370115578,0.09160589143823122,0.12694072040723053,0.1432855865029935,0.17619270677611298,0.1078262621801853,True,0.0032233340871160483,0.002271470292023633,True,0.0,False
HEAD_159_v52,160337,FOLLOW THE PLATE BETWEEN THE STONE THEN READ THE QUADRANT THEN MARK,dda5515ec775e086e064d4e9b8e642c3fca8b05acd400914d039eb21b430ccc0,0.5833333333333334,3,7,True,True,True,True,True,0.17731810673046763,0.08236209790453763,0.12691756034416413,0.13789986369299745,0.1717706121249149,0.0585143757450217,True,0.009964770553033568,0.007216934653822674,True,0.0,True
HEAD_160_v52,161337,SET THE ARC TO ARCMINUTE ROSE THEN READ THE COURSE THEN NOTE,9b75ff5d2f9c941d1c5bf78d5c28cbf265248a4429ff267a545878e747c5a319,0.6666666666666666,2,8,True,True,True,True,True,0.1952748001677245,0.10906968669062135,0.09002179285047866,0.1290061236421097,0.13287465888611122,0.08806683880390774,True,0.0037774591979635947,0.005227094215793385,True,0.0,True
HEAD_161_v52,162337,OBSERVE THE PLINTH THEN REDUCE THE PLATE TO TRUE AND READ AND READ,acd2a4f3a1993547afafc63da445d5cd91962e970d9ce0216ede8056209364b0,0.6153846153846154,2,7,True,True,True,False,True,0.17630004667058824,0.10497353910440665,0.11882567640062647,0.11997645602202903,0.15890246614439532,0.07825599158763911,True,0.009669674335751385,0.004121690210464397,True,0.0,False
HEAD_162_v52,163337,BRING THE STONE TO PLINTH THEN FOLLOW THE MERIDIAN AND READ AND READ,1b71d35e4c532347cf2b5de9671f94aa3bd2eb17250db6e16fec2093acc3fb80,0.6153846153846154,2,7,True,True,True,True,True,0.19630066096709695,0.11190026122752306,0.10466198600813562,0.14720017059659724,0.13031126453789987,0.13686398132743813,True,0.008919105390686365,0.004034566454889825,True,0.0,True
HEAD_163_v52,164337,FOLLOW THE DIAL OVER THE PLINTH THEN READ THE ARC THEN MARK THEN NOTE,95bc9da5fe888fa80c19858df05a3d81d4f3be3b516fd4c391d712f439d03637,0.5714285714285714,3,8,True,True,True,True,True,0.21188464838129226,0.0955541375548963,0.12131643424771124,0.11183966942921454,0.17994748458860424,0.051674683208204356,True,0.007976757212666469,0.002805623858625834,True,0.0,True
HEAD_164_v52,165337,SIGHT THE SECTOR THEN NOTE THE RING AT STATION THEN NOTE THEN MARK,24115ce21369b8342814cb2faef8b72e5ef7c5c74b4ff3ecbe2f371a2b39f9b2,0.6153846153846154,2,7,True,True,True,True,True,0.2473967511858749,0.09057139078299577,0.12162038688315377,0.14787866579737274,0.17889148817059927,0.0896688575583443,True,0.0022310625494287085,0.0066981109050789816,False,0.0,False
HEAD_165_v52,166337,FOLLOW THE LINE TO THE YARD THEN READ THE YARD THEN NOTE THEN NOTE,9c4ac0b9968ac56abc7538282c42fed970cc17e629943d64605451767e926e38,0.5714285714285714,3,6,True,True,True,False,True,0.23826470116349388,0.11608893494858177,0.11095732839481079,0.14729352383598546,0.1331884094483926,0.0924990528089225,False,0.003526168400915376,0.0032894854079514317,True,0.0,False
HEAD_166_v52,167337,TRACE THE DISTANCE THEN SET THE ANGLE THEN NOTE THEN MARK AND READ,0a9958d55cac0bd1a4e3e1ac62b786966424d708296fb15f859d247fb27647aa,0.5384615384615384,2,7,True,True,True,True,True,0.19356845209034973,0.1097948211651537,0.11028088515454953,0.13199441842816967,0.14482338617652007,0.057366325763794135,True,0.009539534449664185,0.0044339727747580455,False,0.0,False
HEAD_167_v52,168337,BRING THE POLE TO RING THEN REDUCE THE BEARING AT STATION AND READ,aa649328a096917cb73ceb94b1f925e7c04dc30c05c0e736b1c087d51b347329,0.6923076923076923,2,9,True,True,True,True,True,0.20319447580633074,0.09867841485176322,0.1067245034625908,0.14934688744700741,0.16961693508048015,0.13743007261627155,True,0.007361619616396845,0.006432436014946188,True,0.0,True
HEAD_168_v52,169337,NOTE THE YARD AT THE ANGLE THEN CORRECT THEN NOTE AND READ AT STATION,7170089bf4aeb38eb8995fc104ada45f55bbd0d4911bdfb2e5944d8beaf604bd,0.6428571428571429,2,7,True,True,True,True,True,0.17949621474305127,0.10296336615734125,0.1002394654058316,0.12959201329680567,0.1629558718704132,0.1484049926168381,True,0.0035893306333281607,0.0021976893394133512,True,0.0,True
HEAD_169_v52,170337,NOTE THE YARD AT THE LINE THEN APPLY THEN MARK THEN NOTE AT STATION,2283de0d83dd099ffd65ae495a4d79e81c3111a8d209d1731a1e4daf1d531b4d,0.6428571428571429,2,7,True,True,True,True,True,0.22574148861413362,0.1114554543888025,0.13052268913473772,0.14443579700036221,0.12681917417239782,0.09296995948131069,True,0.009763986967367595,0.004925930344845086,False,0.0,False
HEAD_170_v52,171337,TRACE THE COURSE THEN SET THE ROSE THEN MARK AT STATION THEN MARK,5fd5a21ca74e78933b6c206c367864bbc8605f4a13be0f7cdd8a9a8442bffa6c,0.6153846153846154,2,7,True,True,True,True,True,0.15902304254530195,0.12586159840545189,0.1014339889052016,0.11018396456879642,0.19998242165774954,0.06924977594899412,True,0.009338844351349235,0.005874441253020636,True,0.0,True
HEAD_171_v52,172337,OBSERVE THE PLATE THEN REDUCE THE DISTANCE TO DECLINATION AND READ,96e16aef8a3d0fac6b78d9ebcfe5f05794c0b1f05b150afa7acdb3557a51b3fe,0.6363636363636364,2,7,True,True,True,True,True,0.22503561917761794,0.10599256293972792,0.0940705019661138,0.11333148115133511,0.12562760905174222,0.14691716158308346,False,0.008037621907647707,0.007571131076319009,True,0.0,False
HEAD_172_v52,173337,SIGHT THE SECTOR THEN NOTE THE SECTOR THEN NOTE THEN NOTE THEN MARK,47574059017de8b65b5e9959af40dc1f7c99b3cafc6e9327018af65c5250ac54,0.5384615384615384,2,4,True,True,True,True,True,0.24725320952032206,0.09599618690148956,0.13582217686710146,0.11461058189497723,0.1518955316865852,0.14094036526996961,True,0.0020003883817189035,0.0074752995667994575,False,0.0,False
HEAD_173_v52,174337,SET THE ANGLE TO ARCMINUTE PLATE THEN READ THE BEARING AT STATION,6ebfb9a27bb0603504d58800182989cecde4dfec9cda02060cca8cb070803452,0.75,2,9,True,True,True,False,True,0.15253472479316696,0.12828113113071438,0.13531406370294277,0.13951537559865623,0.19982579218768415,0.1017395452045104,True,0.007580706455657069,0.00901608210487113,True,0.0,False
HEAD_174_v52,175337,OBSERVE THE PLATE THEN REDUCE THE ANGLE TO MAGNETIC THEN NOTE,57c2ef3ca6c2b407f209b20bfae7ebc17c0e27aa887666a90acd982423c87821,0.6363636363636364,2,7,True,True,True,True,True,0.1954790300000782,0.08611877793551716,0.10426665767299877,0.12297530575135052,0.16341016188370805,0.07124542428194425,True,0.008462589437001872,0.008906609979669546,True,0.0,True
HEAD_175_v52,176337,SET THE ARC TO MAGNETIC ROSE THEN READ THE RING THEN MARK THEN MARK,48765314a82e9fa84220238bf37ee71e23bd1f71f9329f48286e8464a5c900e6,0.6428571428571429,2,8,True,True,True,True,True,0.22938983250998213,0.08083368522180323,0.1313943498074025,0.11231084023363537,0.16658901444533736,0.08571226294607627,False,0.008643975118276215,0.0021315781874480725,True,0.0,False
HEAD_176_v52,177337,TRACE THE DISTANCE THEN SET THE PLINTH AT STATION AND READ AT STATION,4baf2fc42128b9d93c0b15e89b81ae59697dfaa4e678ad1c26dbc1d56799f34c,0.6923076923076923,2,7,True,True,True,False,True,0.20137796915351422,0.12776806273428315,0.11041119307947539,0.13960609244609162,0.12702210022274776,0.06922562589346806,True,0.007238398060307895,0.008083214605490514,False,0.0,False
HEAD_177_v52,178337,SET THE ARC TO ARCSECOND STONE THEN READ THE MERIDIAN AND READ,8a0d44a63ef29ea21f6ecd333c4f73a06cffd91e7913572ac03cb5a514e9149c,0.6666666666666666,2,7,True,True,True,False,True,0.1976400558518461,0.09354691760391332,0.09622406078577042,0.14002941341546526,0.19901275437090996,0.1490381929343514,True,0.006410586429199644,0.009150369440886322,True,0.0,False
HEAD_178_v52,179337,FOLLOW THE LINE TO THE MERIDIAN THEN READ THE DISTANCE THEN NOTE,3783e25d61dbb2aaf4b6bbcd8db8529c4645878b9e8eea546e2a496dd873a81d,0.5833333333333334,3,7,True,True,True,True,True,0.16257960788103673,0.11754559036549474,0.13067000064894868,0.10190042661483165,0.18822031063904085,0.11016966008824576,True,0.0033718706378284384,0.006277416243488338,True,0.0,True
HEAD_179_v52,180337,OBSERVE THE RING THEN REDUCE THE PLATE TO TRUE AT STATION AND READ,fe2bd454b4b81e0b259b7b23268a4cfa4995d3418ab23c70f008905082640aeb,0.6923076923076923,2,9,True,True,True,True,True,0.15818719073034512,0.09773395932043176,0.09746647283529045,0.14248312334599778,0.14080786757418065,0.13433670064977082,True,0.0035611049930446407,0.00784419549497047,True,0.0,True
HEAD_180_v52,181337,OBSERVE THE PLATE THEN REDUCE THE CIRCLE TO MAGNETIC AT STATION,86f82d8e548d443f2cd3906c0f9da673ba1b72db9726831cc94839e7e93ba7fa,0.7272727272727273,2,8,True,True,True,False,True,0.23299324454126097,0.08414974728093601,0.13771981500313868,0.14989062852337207,0.1913931187913846,0.1174736702628829,True,0.0052025756595801016,0.007688138341753869,True,0.0,False
HEAD_181_v52,182337,MARK THE MARKER THEN ADJUST THE STATION AND READ AND READ AND READ,dbf16b3f4acc16771cfb36f9a721c8a201afb44ad40886aaa3991583632bfa7b,0.5384615384615384,2,5,True,True,True,False,True,0.15068735170485845,0.08446335834704688,0.12101213761154506,0.13415245492115926,0.18032562670707197,0.07995285830328225,True,0.007012413348262475,0.009162630978217776,True,0.0,False
HEAD_182_v52,183337,SIGHT THE QUADRANT THEN NOTE THE RING AT STATION THEN MARK AT STATION,556a1f2d52364e74ef300a8093e5efe12ed44451535e39d40a85830c0a6fa5bd,0.6923076923076923,2,7,True,True,True,True,True,0.19113892719981118,0.10411618394737089,0.11777942432482393,0.1420122652265944,0.13614899293820235,0.1254791827414891,True,0.004856543782020946,0.005598279369347972,True,0.0,True
HEAD_183_v52,184337,OBSERVE THE RING THEN REDUCE THE ROSE TO ARCSECOND THEN MARK,56b60564957b49b57ff74e428289d170cc106dc85a3f43ea57f97b5ab2a555df,0.6363636363636364,2,7,True,True,True,False,True,0.22736908054736976,0.08443710856501457,0.10334991716746932,0.1277116382058069,0.13995179243008324,0.10542911985060051,False,0.0040562271780126245,0.008267007154980391,True,0.0,False
HEAD_184_v52,185337,NOTE THE CIRCLE AT THE RING THEN NOTE THEN MARK AND READ AT STATION,476299913fee5ceb7dc0f5bf1d30ef38497fb66f79993f0be31b76db8920d59a,0.6428571428571429,2,7,True,True,True,True,True,0.17142936576905723,0.09112640819041379,0.12726254749184585,0.14293782186219223,0.18226046375655203,0.1282397388597103,False,0.009231730770885262,0.00826369755950957,True,0.0,False
HEAD_185_v52,186337,SET THE ANGLE TO MAGNETIC PLATE THEN READ THE PLATE THEN MARK,2ff223f86c4fc1fda21c94a495a209c220ad88c23d1971e2372c7c0cb62c9d74,0.6666666666666666,2,7,True,True,True,True,True,0.16796194714574061,0.09394767906519147,0.12387375678691526,0.12356715635482286,0.16603047217880343,0.07749032150045881,True,0.009884474032489026,0.007533585540588657,True,0.0,True
HEAD_186_v52,187337,SIGHT THE QUADRANT THEN NOTE THE POLE THEN NOTE THEN MARK AND READ,38bd50eba8a9582d9698c5efa3d4045983cc04b76e632b4dc90cdb5df686e9e2,0.5384615384615384,2,6,True,True,True,True,True,0.22762181931091638,0.102738086645002,0.12659287133441283,0.1434728252279348,0.12082245427744694,0.10894587785415494,True,0.00839402598346771,0.009402678747628028,True,0.0,True
HEAD_187_v52,188337,FOLLOW THE SECTOR BETWEEN THE POLE THEN READ THE RING AND READ,5e74dd1469ee2cc89797c9c6b762ef9a6c092b599219919b86cf2472a7744056,0.5833333333333334,3,6,True,True,True,True,True,0.21029423233097214,0.09491100225703826,0.10479150174198106,0.101962838831127,0.1781487631123604,0.0908654214199783,True,0.006657823712842267,0.0035338010751498486,True,0.0,True
HEAD_188_v52,189337,BRING THE POLE TO PLATE THEN NOTE THE DIAL AND READ THEN MARK,d923ee79b17a73477c8b583e02aaa76ef492eae8a7382ea8bdc3217715ac4aeb,0.6153846153846154,2,8,True,True,True,True,True,0.2459565180489979,0.086185223675681,0.13988920621079454,0.11154172909470975,0.12633198368362106,0.10241920654177726,True,0.0055078255131702685,0.009831349732304082,True,0.0,True
HEAD_189_v52,190337,SET THE ARC TO DEGREES ROSE THEN READ THE RING THEN NOTE THEN MARK,a486c799b9e598059c1f1d9527cd77afccdfa6acf631c1608a527b78c004faa5,0.6428571428571429,2,9,True,True,True,True,True,0.2141502787287492,0.0985667841874984,0.13569962945383898,0.1449393404961052,0.14775756220124697,0.05459201186984798,True,0.00847053804953919,0.004901365861698859,False,0.0,False
HEAD_190_v52,191337,MARK THE ROSE THEN ADJUST THE DISTANCE AND READ AND READ AND READ,f1bd521ccfad68a4fa8d509f702c4f2bdf66178df7f4feba6ba9d5f7c237fa0c,0.5384615384615384,2,5,True,True,True,True,True,0.16530809354936551,0.10278269662323129,0.09418796802552076,0.1341709070508394,0.14212113519037883,0.06383299931600286,True,0.0045303848026702394,0.009367340895761272,True,0.0,True
HEAD_191_v52,192337,OBSERVE THE RING THEN REDUCE THE STATION TO TRUE AND READ THEN NOTE,afaf3ad22bd629f245c23447e6d59e51e18338b8cbdb16cfcac4461b8e3a704e,0.6153846153846154,2,8,True,True,True,True,True,0.17832719067806302,0.10487891119076354,0.136625377885701,0.12994385972978317,0.1267467275350138,0.1423057986696382,False,0.002362764668790793,0.007462657981125892,True,0.0,False
HEAD_192_v52,193337,FOLLOW THE POLE ACROSS THE STATION THEN READ THE MERIDIAN AT STATION,48f0b6729fa73ee3086975e6e62d1cad8348db6a173dfa8558f261b8b8abc048,0.6666666666666666,3,7,True,True,True,False,True,0.23177034143599973,0.09998457120608109,0.1058204699131619,0.11406050540719267,0.1432392260914242,0.07373710617457262,False,0.008504616695946722,0.008346528970936311,False,0.0,False
HEAD_193_v52,194337,SIGHT THE STONE THEN NOTE THE PLATE THEN MARK THEN MARK THEN MARK,db6e19dc1b86103c5b47e3c71a75989e0ae65198bec7cbbc274b67865ba2ee60,0.5384615384615384,2,5,True,True,True,True,True,0.22450417520254876,0.11090820405512242,0.10115103106525475,0.12525749632905364,0.1224966835238466,0.06177302525503279,True,0.007429086188552897,0.004868185208578162,True,0.0,True
HEAD_194_v52,195337,BRING THE POLE TO ANGLE THEN ADJUST THE SECTOR THEN NOTE AT STATION,923f9bb44330fdaa42b33ec48f64aa7a4130bacdc80ba1036c52ce628c520424,0.6923076923076923,2,9,True,True,True,True,True,0.20576821170401624,0.08094306316221554,0.10777757671009697,0.1064587294441623,0.1872690761184798,0.14556850568206164,True,0.00971739545295187,0.0030695531954229097,True,0.0,True
HEAD_195_v52,196337,SET THE ANGLE TO VARIATION ARC THEN READ THE RING AT STATION,56e56e095a706fa5487537e794e85e625319db227ea6a34b6f5f155ae19ae17f,0.75,2,9,True,True,True,True,True,0.16772373004934796,0.09062407401033926,0.1183591029180977,0.10442912601198515,0.16186842806248203,0.1134907112059426,True,0.004914143323561963,0.002718523981540584,True,0.0,True
HEAD_196_v52,197337,SIGHT THE QUADRANT THEN NOTE THE ROSE THEN MARK AND READ THEN NOTE,64d662046da10d58ba4c6916c72e8ca756d9171767da1794f59aba1bff1ec444,0.5384615384615384,2,6,True,True,True,False,True,0.1953901525872258,0.08806205374910181,0.13837965554143794,0.13515648459936153,0.15980325400527762,0.12845183341965868,True,0.008570501100888514,0.006419815911355837,False,0.0,False
HEAD_197_v52,198337,OBSERVE THE PLATE THEN REDUCE THE PLATE TO ARCSECOND THEN NOTE,8921285ee75dbc2622024f1d5b365263043b003b30524b606a959cdc239e120d,0.6363636363636364,2,6,True,True,True,True,True,0.17783798234707332,0.10295652408216721,0.1223804372534757,0.11741133416291923,0.13424194664222389,0.11901501402019643,True,0.004861750279552513,0.00976354688580821,True,0.0,True
HEAD_198_v52,199337,TRACE THE DISTANCE THEN SET THE PLINTH AND READ AND READ AND READ,62303fc1ffdb02f62c0f7ff1f15eab54bd069b287a7ff7ec909814fe689cc0b7,0.5384615384615384,2,5,True,True,True,True,True,0.22899337139686127,0.1163506610966624,0.10613358555508914,0.11775029609053764,0.18296532725357234,0.11773781207168138,False,0.006270219360214341,0.005746600868887925,False,0.0,False
HEAD_199_v52,200337,FOLLOW THE PLINTH OVER THE MARKER THEN READ THE ROSE THEN MARK,6a6de4681a9d3d4ed468fdf100ee67605b8878aba3493993503ee5509c47e2f0,0.5833333333333334,3,7,True,True,True,True,True,0.2495007730100297,0.12878418046307527,0.13989054302636408,0.11936567261916983,0.16626745648486158,0.1330283744132702,True,0.004504730974199143,0.008566832481057706,False,0.0,False
