label,seed_u64,policy_sha,collisions,leakage_diff,f_words_g1_pre,f_words_g1_post,f_words_g2_pre,f_words_g2_post,verbs_pre,verbs_post,coverage_pre,coverage_post,delta_windowed_fixed,delta_shuffled_fixed,delta_windowed_windowed,delta_shuffled_windowed,micro_repair_ops_g1,micro_repair_ops_g2,pass_neargate,pass_deltas,pass_phrase,pass_cadence,pass_context,orbit_tie_fraction,orbit_isolated,fast_nulls_adjp_coverage,fast_nulls_adjp_fwords,publishable
HEAD_0001_v522B,1227841479,bc083cc4129fedbc,0,0.0,4,4,6,6,2,2,0.9354704873812667,0.9354704873812667,0.1309942181248558,0.23297001122222125,0.14922959154576632,0.19668078050405202,0,0,True,True,True,False,True,0.24284555094291205,False,0.0,0.005,False
HEAD_0002_v522B,1133913293,bc083cc4129fedbc,0,0.0,4,4,6,6,2,2,0.9229292079834747,0.9229292079834747,0.05764195012027837,0.14155901251827566,0.10403337096668169,0.10246200717525829,0,0,True,True,True,True,False,0.2985843588960121,False,0.0,0.007,False
HEAD_0003_v522B,1223045999,bc083cc4129fedbc,0,0.0,4,4,6,6,2,2,0.9107715171542416,0.9107715171542416,0.05923355659171251,0.1686908439555877,0.130823782444359,0.15610728485312678,0,0,True,True,True,True,True,0.2739728593846055,False,0.0,0.003,False
HEAD_0004_v522B,1532888892,bc083cc4129fedbc,0,0.0,4,4,6,6,2,2,0.9446222255456844,0.9446222255456844,0.11757202575235848,0.1723991479973691,0.06993091746028496,0.2365272762386268,0,0,True,True,True,True,True,0.03294015947999601,True,0.0,0.016,False
HEAD_0005_v522B,1842796546,bc083cc4129fedbc,0,0.0,4,4,6,6,2,2,0.9099380506319421,0.9099380506319421,0.13289015701286638,0.126941870744255,0.0720684291261505,0.23306455140525423,0,0,True,True,True,False,False,0.11758938791778219,True,0.0,0.009,True
HEAD_0006_v522B,680086788,bc083cc4129fedbc,0,0.0,4,4,6,6,2,2,0.9331837339665093,0.9331837339665093,0.057095404285784905,0.20978224127169343,0.13169121405527978,0.20327681253427454,0,0,True,True,True,True,True,0.22820119293476174,False,0.0,0.005,False
HEAD_0007_v522B,811599798,bc083cc4129fedbc,0,0.0,4,4,6,6,2,2,0.9418849146994395,0.9418849146994395,0.08924832891307462,0.1679737277212905,0.14771309694664994,0.1288256077247276,0,0,True,True,True,True,True,0.2546895928573824,False,0.0,0.011,False
HEAD_0008_v522B,2327594363,bc083cc4129fedbc,0,0.0,4,4,6,6,2,2,0.9334294178589171,0.9334294178589171,0.06473308524480771,0.16676180713737393,0.11758413946403978,0.16013286983957745,0,0,True,True,True,False,True,0.011909897490326504,True,0.0,0.011,False
HEAD_0009_v522B,1748866918,bc083cc4129fedbc,0,0.0,4,4,6,6,2,2,0.8821351906278383,0.8821351906278383,0.12617310809684923,0.1721826300595642,0.12597843417994992,0.15862910299479932,0,0,True,True,False,True,True,0.2614625863732989,False,0.0,0.008,False
HEAD_0010_v522B,2591120787,bc083cc4129fedbc,0,0.0,4,4,6,6,2,2,0.8815104971390998,0.8815104971390998,0.12057941508218245,0.23241374273704965,0.06536521618488031,0.18631731052407816,0,0,True,True,False,False,False,0.27988534155960365,False,0.0,0.007,False
HEAD_0011_v522B,4244259645,bc083cc4129fedbc,0,0.0,4,4,6,6,2,2,0.8933330969875929,0.8933330969875929,0.05196875086243862,0.18539527966431985,0.08854993082806525,0.1844531287860787,0,0,True,True,False,True,True,0.10396711995880938,True,0.0,0.006,True
HEAD_0012_v522B,4234165210,bc083cc4129fedbc,0,0.0,4,4,6,6,2,2,0.8548001028163242,0.8548001028163242,0.054621972139172505,0.2051962787560872,0.13684862037185114,0.24400014912449522,0,0,True,True,True,False,False,0.1471697124140187,True,0.0,0.003,True
HEAD_0013_v522B,1423382530,bc083cc4129fedbc,0,0.0,4,4,6,6,2,2,0.9070425615576806,0.9070425615576806,0.11875031646301612,0.18731114824477113,0.0853192714134208,0.24895702667647002,0,0,True,True,True,True,True,0.18375423697848703,False,0.0,0.009,False
HEAD_0014_v522B,3404111241,bc083cc4129fedbc,0,0.0,4,4,6,6,2,2,0.8895322502326961,0.8895322502326961,0.13777991287806018,0.11109530162605269,0.10727549264687519,0.17468422852877463,0,0,True,True,False,True,True,0.06199866427228886,True,0.0,0.004,True
HEAD_0015_v522B,3001685800,bc083cc4129fedbc,0,0.0,4,4,6,6,2,2,0.9231500592809057,0.9231500592809057,0.08831693562062526,0.15906309857218076,0.10601275564002664,0.1484272971478838,0,0,True,True,True,True,True,0.200880774980182,False,0.0,0.006,False
HEAD_0016_v522B,2109175732,bc083cc4129fedbc,0,0.0,4,4,6,6,2,2,0.8934223487321242,0.8934223487321242,0.05173380339785741,0.14877573106974226,0.12466672660322903,0.17584016081060022,0,0,True,True,True,True,True,0.24323941039662786,False,0.0,0.008,False
HEAD_0017_v522B,985633116,bc083cc4129fedbc,0,0.0,4,4,6,6,2,2,0.9455108463465166,0.9455108463465166,0.07760485901044485,0.12132193290567975,0.11925276561844017,0.2380924795181181,0,0,True,True,True,False,True,0.2866544169600797,False,0.0,0.006,False
HEAD_0018_v522B,3153261425,bc083cc4129fedbc,0,0.0,4,4,6,6,2,2,0.8986060058883851,0.8986060058883851,0.0725526785109542,0.20360525940430602,0.14937549405258177,0.22857840406381158,0,0,True,True,True,True,True,0.20021371259999732,False,0.0,0.006,False
HEAD_0019_v522B,967465304,bc083cc4129fedbc,0,0.0,4,4,6,6,2,2,0.9409035197785912,0.9409035197785912,0.08848132707146686,0.12508618760128742,0.1176499022591595,0.2457790258037398,0,0,True,True,True,False,True,0.15669738081363532,False,0.0,0.009,False
HEAD_0020_v522B,2772336211,bc083cc4129fedbc,0,0.0,4,4,6,6,2,2,0.8928818424577059,0.8928818424577059,0.08019280594343281,0.1379946107347425,0.10931068948835619,0.18723457568866766,0,0,True,True,True,False,True,0.041068983351103004,True,0.0,0.008,True
HEAD_0021_v522B,3521722,bc083cc4129fedbc,0,0.0,4,4,6,6,2,2,0.9015499685598486,0.9015499685598486,0.0852194404791359,0.21214833857163068,0.0714781689268732,0.14075174232935922,0,0,True,True,True,True,True,0.0070344674549796754,True,0.0,0.008,True
HEAD_0022_v522B,4088173419,bc083cc4129fedbc,0,0.0,4,4,6,6,2,2,0.9489007639072387,0.9489007639072387,0.057812364034087384,0.11746984569649507,0.14012162035832298,0.19897900954245723,0,0,True,True,True,True,True,0.0031114139256663066,True,0.0,0.006,True
HEAD_0023_v522B,3109900411,bc083cc4129fedbc,0,0.0,4,4,6,6,2,2,0.8615116739352124,0.8615116739352124,0.05077428146442739,0.18610098625911992,0.12220103579652226,0.21631991389372546,0,0,True,True,True,False,False,0.2572533540788761,False,0.0,0.007,False
HEAD_0024_v522B,2086410434,bc083cc4129fedbc,0,0.0,4,4,6,6,2,2,0.9054329026058378,0.9054329026058378,0.14540771963623877,0.1796659763254461,0.10547673524945929,0.24634161873272734,0,0,True,True,True,True,True,0.011533601495768474,True,0.0,0.009,True
HEAD_0025_v522B,605192260,bc083cc4129fedbc,0,0.0,4,4,6,6,2,2,0.8922672915200297,0.8922672915200297,0.057941287779459776,0.23064306037861682,0.09320561122576662,0.1298241959095408,0,0,True,True,True,True,True,0.10443875931353153,True,0.0,0.01,False
HEAD_0026_v522B,1663823846,bc083cc4129fedbc,0,0.0,4,4,6,6,2,2,0.8701354235173226,0.8701354235173226,0.08214883633885552,0.17020855013434344,0.13125365440009396,0.24631867909174907,0,0,True,True,False,True,False,0.24125868622910068,False,0.0,0.004,False
HEAD_0027_v522B,3191027765,bc083cc4129fedbc,0,0.0,4,4,6,6,2,2,0.9440330028418721,0.9440330028418721,0.11257540767348524,0.15495241422913758,0.09305523751140456,0.22811108594688864,0,0,True,True,True,True,True,0.0486098275884572,True,0.0,0.009,True
HEAD_0028_v522B,3377416971,bc083cc4129fedbc,0,0.0,4,4,6,6,2,2,0.9183297910658295,0.9183297910658295,0.12087778958859409,0.10322800441162829,0.11379666547354633,0.13494763894128317,0,0,True,True,True,True,False,0.2871863163084705,False,0.0,0.006,False
HEAD_0029_v522B,3241671753,bc083cc4129fedbc,0,0.0,4,4,6,6,2,2,0.8521772635841347,0.8521772635841347,0.08955424690877409,0.12859841958542123,0.1304305352768042,0.2183837240687859,0,0,True,True,True,False,True,0.2412219141716896,False,0.0,0.011,False
HEAD_0030_v522B,1691904964,bc083cc4129fedbc,0,0.0,4,4,6,6,2,2,0.8590033054886024,0.8590033054886024,0.10023279188813108,0.13256853652874692,0.05162075959168462,0.1425259407326918,0,0,True,True,True,False,True,0.0503160686042149,True,0.0,0.006,True
HEAD_0031_v522B,3078481376,bc083cc4129fedbc,0,0.0,4,4,6,6,2,2,0.8996840928829766,0.8996840928829766,0.1487699963401187,0.17409640104020863,0.10793028150020444,0.22824644308230094,0,0,True,True,True,True,True,0.2718033333477895,False,0.0,0.008,False
HEAD_0032_v522B,3194825915,bc083cc4129fedbc,0,0.0,4,4,6,6,2,2,0.9408161012525298,0.9408161012525298,0.11387587628772511,0.17347897354127362,0.13385258876209666,0.21531964324855046,0,0,True,True,True,True,False,0.028078007229606173,True,0.0,0.004,True
HEAD_0033_v522B,1029823139,bc083cc4129fedbc,0,0.0,4,4,6,6,2,2,0.9052194056764524,0.9052194056764524,0.059224237467165486,0.18728296302978206,0.1289397395076216,0.19191906403257197,0,0,True,True,True,True,True,0.0674630846743769,True,0.0,0.006,True
HEAD_0034_v522B,3808657746,bc083cc4129fedbc,0,0.0,4,4,6,6,2,2,0.8707073386879332,0.8707073386879332,0.1471239724174817,0.11948936862535423,0.07532460442481508,0.18766527240046132,0,0,True,True,True,True,False,0.15752047715944242,False,0.0,0.003,False
HEAD_0035_v522B,4243509088,bc083cc4129fedbc,0,0.0,4,4,6,6,2,2,0.8525173247571904,0.8525173247571904,0.12619699899887354,0.10870803852371978,0.1263490784975362,0.23253477613266152,0,0,True,True,True,True,True,0.12828426796551728,True,0.002,0.007,True
HEAD_0036_v522B,1527078607,bc083cc4129fedbc,0,0.0,4,4,6,6,2,2,0.9116533601393597,0.9116533601393597,0.07080747987452593,0.19808038390777408,0.07750756585318613,0.1591601524605018,0,0,True,True,True,False,True,0.25707306610493524,False,0.0,0.005,False
HEAD_0037_v522B,1280852225,bc083cc4129fedbc,0,0.0,4,4,6,6,2,2,0.9153005216905,0.9153005216905,0.07689856247482862,0.23677021417428945,0.1385171224463866,0.12035093985797744,0,0,True,True,True,False,True,0.12628202766617527,True,0.0,0.005,True
HEAD_0038_v522B,1028467669,bc083cc4129fedbc,0,0.0,4,4,6,6,2,2,0.9142100741180932,0.9142100741180932,0.11086850422258117,0.19973237493805351,0.14630664323941317,0.15534079400018247,0,0,True,True,True,False,True,0.07887862790510443,True,0.002,0.008,True
HEAD_0039_v522B,2280093651,bc083cc4129fedbc,0,0.0,4,4,6,6,2,2,0.9310117839785442,0.9310117839785442,0.0950143978377021,0.16641749562463065,0.14803645071435056,0.1677294351127827,0,0,True,True,True,True,True,0.2725012192474798,False,0.0,0.007,False
HEAD_0040_v522B,3907479766,bc083cc4129fedbc,0,0.0,4,4,6,6,2,2,0.9461975667052127,0.9461975667052127,0.137425179385951,0.12805261861563863,0.12348251512200559,0.16262232311646213,0,0,True,True,True,True,False,0.08494105952150853,True,0.0,0.005,True
HEAD_0041_v522B,1108044703,bc083cc4129fedbc,0,0.0,4,4,6,6,2,2,0.8781381508923233,0.8781381508923233,0.053373753819039776,0.22847846704569838,0.06326285274742244,0.17978247824671387,0,0,True,True,True,True,True,0.13971184882480955,True,0.0,0.007,True
HEAD_0042_v522B,545664533,bc083cc4129fedbc,0,0.0,4,4,6,6,2,2,0.9117842213171028,0.9117842213171028,0.05957144631630064,0.17912002536361166,0.056679064931590174,0.22611866298442967,0,0,True,True,True,True,True,0.15439342071446582,False,0.0,0.011,False
HEAD_0043_v522B,2806418805,bc083cc4129fedbc,0,0.0,4,4,6,6,2,2,0.8876261534207787,0.8876261534207787,0.1334013366532687,0.1165307127307482,0.07071472154641946,0.19243580781791378,0,0,True,True,True,True,False,0.032172415526143895,True,0.0,0.011,False
HEAD_0044_v522B,3718032875,bc083cc4129fedbc,0,0.0,4,4,6,6,2,2,0.9412852532694782,0.9412852532694782,0.12630155920049047,0.12426766259585822,0.0659893696752429,0.14081982924612416,0,0,True,True,True,False,True,0.1494654559447219,True,0.0,0.011,False
HEAD_0045_v522B,1321940163,bc083cc4129fedbc,0,0.0,4,4,6,6,2,2,0.8751263663978665,0.8751263663978665,0.10279615761337581,0.24118539177462095,0.11326599937692866,0.12885620388313096,0,0,True,True,False,True,True,0.12582326916488293,True,0.0,0.007,True
HEAD_0046_v522B,1897834182,bc083cc4129fedbc,0,0.0,4,4,6,6,2,2,0.9148788079621675,0.9148788079621675,0.11879202863876502,0.10944361078149253,0.11040051638793368,0.14402648333337478,0,0,True,True,True,True,True,0.004235896787743898,True,0.0,0.006,True
HEAD_0047_v522B,2137331215,bc083cc4129fedbc,0,0.0,4,4,6,6,2,2,0.924923057968298,0.924923057968298,0.07458209856380396,0.10184123819350423,0.0846389642711123,0.17887194983352794,0,0,True,True,False,False,True,0.12782042322100903,True,0.0,0.006,True
HEAD_0048_v522B,2138938822,bc083cc4129fedbc,0,0.0,4,4,6,6,2,2,0.8862982005448236,0.8862982005448236,0.07497894896630408,0.13587780838420646,0.08444168947481806,0.12073705089789456,0,0,True,True,True,False,True,0.01459402616012435,True,0.0,0.005,True
HEAD_0049_v522B,2637279550,bc083cc4129fedbc,0,0.0,4,4,6,6,2,2,0.8547165880449666,0.8547165880449666,0.06718683734367824,0.20631161469371576,0.09867441526755977,0.10358282543924235,0,0,True,True,True,True,True,0.008009993863373976,True,0.002,0.013,False
HEAD_0050_v522B,4076078643,bc083cc4129fedbc,0,0.0,4,4,6,6,2,2,0.9398736520876555,0.9398736520876555,0.14057585908112558,0.13291834812754777,0.07313021189793661,0.1800642818968836,0,0,True,True,False,True,True,0.18500714083418637,False,0.0,0.006,False
HEAD_0051_v522B,1151410910,bc083cc4129fedbc,0,0.0,4,4,6,6,2,2,0.8636529066821006,0.8636529066821006,0.05838246791149881,0.12371765834577447,0.10211656139917114,0.23692934894160342,0,0,True,True,True,True,True,0.2820189615159493,False,0.0,0.006,False
HEAD_0052_v522B,4120854369,bc083cc4129fedbc,0,0.0,4,4,6,6,2,2,0.9007687263660542,0.9007687263660542,0.0886663328540355,0.11042226454278005,0.05263525762284086,0.20658069044374558,0,0,True,True,True,True,True,0.055171721810640215,True,0.0,0.007,True
HEAD_0053_v522B,3665437950,bc083cc4129fedbc,0,0.0,4,4,6,6,2,2,0.9268036042386225,0.9268036042386225,0.10741256563187879,0.16906329968594888,0.07374532360944702,0.17172636346263115,0,0,True,True,True,True,True,0.04188029070454972,True,0.0,0.005,True
HEAD_0054_v522B,3340302818,bc083cc4129fedbc,0,0.0,4,4,6,6,2,2,0.9275229795373195,0.9275229795373195,0.07033099356565022,0.24789792793531484,0.08408445062661846,0.14170290951115364,0,0,True,True,True,True,False,0.009312858854341199,True,0.0,0.008,True
HEAD_0055_v522B,1496370133,bc083cc4129fedbc,0,0.0,4,4,6,6,2,2,0.9119656312786001,0.9119656312786001,0.11723462726972528,0.17597078772835126,0.1309528701560922,0.22208752197310594,0,0,True,True,False,False,True,0.08322395795090794,True,0.0,0.008,True
HEAD_0056_v522B,3675441659,bc083cc4129fedbc,0,0.0,4,4,6,6,2,2,0.9251363220374795,0.9251363220374795,0.12330912980181057,0.23310509113215078,0.104249982610219,0.18316106234901663,0,0,True,True,True,True,False,0.1905389596287709,False,0.0,0.006,False
HEAD_0057_v522B,2039933658,bc083cc4129fedbc,0,0.0,4,4,6,6,2,2,0.9437125083837077,0.9437125083837077,0.13262980028833876,0.16969726854972672,0.08355134650221954,0.19059004661778245,0,0,True,True,True,True,True,0.04880015642345827,True,0.0,0.006,True
HEAD_0058_v522B,3494859846,bc083cc4129fedbc,0,0.0,4,4,6,6,2,2,0.8610853347350241,0.8610853347350241,0.12475084167251996,0.21468660457093713,0.09578370260062946,0.12817230114642156,0,0,True,True,True,True,True,0.2976648016872679,False,0.0,0.003,False
HEAD_0059_v522B,2848907358,bc083cc4129fedbc,0,0.0,4,4,6,6,2,2,0.8924135455872535,0.8924135455872535,0.09963993210280672,0.2212619042122167,0.1058390752852138,0.16515520716943122,0,0,True,True,True,True,True,0.19066866303461363,False,0.0,0.013,False
HEAD_0060_v522B,3751995432,bc083cc4129fedbc,0,0.0,4,4,6,6,2,2,0.9354958940173672,0.9354958940173672,0.07703063333917742,0.15554185096470652,0.1213703513377943,0.1741498325715446,0,0,True,True,True,True,True,0.2985998974074851,False,0.0,0.014,False
HEAD_0061_v522B,2282679362,bc083cc4129fedbc,0,0.0,4,4,6,6,2,2,0.8560980068429427,0.8560980068429427,0.05025546288695675,0.2151294460585082,0.10294689968905561,0.23667979711621856,0,0,True,True,True,True,True,0.037997830100671925,True,0.0,0.013,False
HEAD_0062_v522B,1664773942,bc083cc4129fedbc,0,0.0,4,4,6,6,2,2,0.9363694516766952,0.9363694516766952,0.08916982914339183,0.21659088841398874,0.09178817156527236,0.12793271057799524,0,0,True,True,True,False,False,0.246146180466903,False,0.0,0.007,False
HEAD_0063_v522B,1860625595,bc083cc4129fedbc,0,0.0,4,4,6,6,2,2,0.9263152504307439,0.9263152504307439,0.12381878337829988,0.1358518260921609,0.10965751048050867,0.13550569674547497,0,0,True,True,True,True,True,0.0465448736780064,True,0.0,0.011,False
HEAD_0064_v522B,354245365,bc083cc4129fedbc,0,0.0,4,4,6,6,2,2,0.8672130067720085,0.8672130067720085,0.09298524207510897,0.18912929147430835,0.11701234138068839,0.13967013032001907,0,0,True,True,True,False,True,0.15763084408819472,False,0.0,0.009,False
HEAD_0065_v522B,353511763,bc083cc4129fedbc,0,0.0,4,4,6,6,2,2,0.9339695478481396,0.9339695478481396,0.09434960951399239,0.20003574487625997,0.0735967590482858,0.17766219569925587,0,0,True,True,True,False,True,0.050963188188228335,True,0.0,0.004,True
HEAD_0066_v522B,150802228,bc083cc4129fedbc,0,0.0,4,4,6,6,2,2,0.9134865484507552,0.9134865484507552,0.11136860445458731,0.14394122405441734,0.061350719717790464,0.10624017737006677,0,0,True,True,False,False,False,0.10591947766303954,True,0.0,0.013,False
HEAD_0067_v522B,1695931697,bc083cc4129fedbc,0,0.0,4,4,6,6,2,2,0.937702782396534,0.937702782396534,0.06908119737365834,0.16594380777163265,0.0699752351127647,0.21814143968372635,0,0,True,True,True,True,True,0.20860318656059537,False,0.0,0.006,False
HEAD_0068_v522B,2553888500,bc083cc4129fedbc,0,0.0,4,4,6,6,2,2,0.889470119282488,0.889470119282488,0.11795897035071931,0.1032591668638306,0.13373549356713382,0.19040732241456165,0,0,True,True,True,True,True,0.10527210071922627,True,0.0,0.008,True
HEAD_0069_v522B,2262898996,bc083cc4129fedbc,0,0.0,4,4,6,6,2,2,0.8590685888263005,0.8590685888263005,0.09254132764204734,0.12507310608869884,0.1008116211772418,0.193055033305448,0,0,True,True,True,True,True,0.1730975234881085,False,0.0,0.005,False
HEAD_0070_v522B,4230367837,bc083cc4129fedbc,0,0.0,4,4,6,6,2,2,0.9115314079895682,0.9115314079895682,0.11968246491067432,0.2277681540438232,0.06299269471724975,0.2126813069839407,0,0,True,True,True,True,False,0.23560237691678265,False,0.0,0.005,False
HEAD_0071_v522B,2578056457,bc083cc4129fedbc,0,0.0,4,4,6,6,2,2,0.8899514689357251,0.8899514689357251,0.0773169685517215,0.23633004991217,0.1052378768512245,0.16034319989990062,0,0,True,True,False,False,True,0.24708769339942827,False,0.0,0.009,False
HEAD_0072_v522B,1315406274,bc083cc4129fedbc,0,0.0,4,4,6,6,2,2,0.8521657522380764,0.8521657522380764,0.124856427924341,0.13511727213243926,0.05486897116651867,0.11970577806897353,0,0,True,True,True,True,True,0.26533144335257536,False,0.0,0.013,False
HEAD_0073_v522B,2559420905,bc083cc4129fedbc,0,0.0,4,4,6,6,2,2,0.9234155542553308,0.9234155542553308,0.05189386110844181,0.18173115756920716,0.06535100441435457,0.19274619792823902,0,0,True,True,False,True,True,0.16605792697855676,False,0.0,0.013,False
HEAD_0074_v522B,3837192193,bc083cc4129fedbc,0,0.0,4,4,6,6,2,2,0.9078466909390738,0.9078466909390738,0.06232224037435398,0.2382204241499106,0.05460000030744736,0.23537347436619194,0,0,True,True,True,True,True,0.12198304148806409,True,0.0,0.006,True
HEAD_0075_v522B,1441920128,bc083cc4129fedbc,0,0.0,4,4,6,6,2,2,0.9154915903010024,0.9154915903010024,0.11606049852303141,0.2367727497898563,0.10292073399481431,0.22233297568743346,0,0,True,True,True,True,True,0.17434997293257973,False,0.0,0.007,False
HEAD_0076_v522B,4267847771,bc083cc4129fedbc,0,0.0,4,4,6,6,2,2,0.871925492860797,0.871925492860797,0.07896843775545775,0.13427445979228417,0.06376831700490002,0.19604990881604573,0,0,True,True,True,True,True,0.03166928808835987,True,0.0,0.012,False
HEAD_0077_v522B,2115854306,bc083cc4129fedbc,0,0.0,4,4,6,6,2,2,0.8502533760790938,0.8502533760790938,0.10776961135614704,0.16057143836433854,0.08697950738321565,0.21957013750465385,0,0,True,True,True,True,True,0.1947711311821402,False,0.0,0.006,False
HEAD_0078_v522B,2542088562,bc083cc4129fedbc,0,0.0,4,4,6,6,2,2,0.8697181081677665,0.8697181081677665,0.1386745885931932,0.11848026974434721,0.12213097710183946,0.19246273211389808,0,0,True,True,True,True,True,0.20519980356511108,False,0.0,0.003,False
HEAD_0079_v522B,1731809798,bc083cc4129fedbc,0,0.0,4,4,6,6,2,2,0.9293104304146942,0.9293104304146942,0.08080485676342036,0.21689550700232021,0.09347091598185528,0.18450726364932202,0,0,True,True,False,True,True,0.02194062132784146,True,0.0,0.003,True
HEAD_0080_v522B,308612564,bc083cc4129fedbc,0,0.0,4,4,6,6,2,2,0.9212985413445443,0.9212985413445443,0.11784907692177006,0.1358579748516545,0.09052596276136993,0.2385654676488129,0,0,True,True,True,True,True,0.14706832157493288,True,0.0,0.006,True
HEAD_0081_v522B,3855465328,bc083cc4129fedbc,0,0.0,4,4,6,6,2,2,0.9406884688841706,0.9406884688841706,0.14617550969312582,0.13413678086190706,0.06940390679203813,0.24442892743196917,0,0,True,True,True,True,True,0.09100288611742859,True,0.0,0.01,False
HEAD_0082_v522B,464248068,bc083cc4129fedbc,0,0.0,4,4,6,6,2,2,0.8506202534916583,0.8506202534916583,0.06089460907456067,0.19254284249224252,0.10654159715595135,0.11576345539188944,0,0,True,True,True,True,False,0.1614741932934893,False,0.002,0.012,False
HEAD_0083_v522B,1987739637,bc083cc4129fedbc,0,0.0,4,4,6,6,2,2,0.8725597982370086,0.8725597982370086,0.14485115515880292,0.21964027686984663,0.059252646767878094,0.14426321138229284,0,0,True,True,True,True,True,0.01904237121454102,True,0.0,0.006,True
HEAD_0084_v522B,1240414711,bc083cc4129fedbc,0,0.0,4,4,6,6,2,2,0.8697641636480723,0.8697641636480723,0.14099720466100144,0.20433708643511073,0.09898496831303463,0.20556441687083696,0,0,True,True,True,False,True,0.27766681427923673,False,0.0,0.007,False
HEAD_0085_v522B,3789438884,bc083cc4129fedbc,0,0.0,4,4,6,6,2,2,0.9301376288810241,0.9301376288810241,0.09311287847178555,0.1598175455309357,0.06757848508375267,0.12069609920475757,0,0,True,True,True,True,True,0.2464054080118201,False,0.0,0.008,False
HEAD_0086_v522B,2641550396,bc083cc4129fedbc,0,0.0,4,4,6,6,2,2,0.9423764233063515,0.9423764233063515,0.13425537550409555,0.1363699867555006,0.12145419186653839,0.14600350038664434,0,0,True,True,True,False,False,0.26330273724955716,False,0.0,0.009,False
HEAD_0087_v522B,4006781667,bc083cc4129fedbc,0,0.0,4,4,6,6,2,2,0.8610315589229873,0.8610315589229873,0.13723867846939097,0.17381391498117454,0.06429011517326863,0.2000343785965376,0,0,True,True,True,True,True,0.06573098458047107,True,0.0,0.008,True
HEAD_0088_v522B,1590907292,bc083cc4129fedbc,0,0.0,4,4,6,6,2,2,0.9060722150250858,0.9060722150250858,0.0707038384009529,0.22539510072294278,0.13077917754021562,0.22945000707602503,0,0,True,True,True,False,True,0.27689644572464645,False,0.0,0.012,False
HEAD_0089_v522B,3013043740,bc083cc4129fedbc,0,0.0,4,4,6,6,2,2,0.9408688548252742,0.9408688548252742,0.07542195781069587,0.15477055398760609,0.08533364853079552,0.10667616661928614,0,0,True,True,True,False,False,0.25916203240107544,False,0.0,0.012,False
HEAD_0090_v522B,283081589,bc083cc4129fedbc,0,0.0,4,4,6,6,2,2,0.9106195752694898,0.9106195752694898,0.1009578603258046,0.22858177604250043,0.07857078032017883,0.17725845673454507,0,0,True,True,True,False,True,0.08522086986556199,True,0.0,0.007,True
HEAD_0091_v522B,2126966641,bc083cc4129fedbc,0,0.0,4,4,6,6,2,2,0.8594216049543315,0.8594216049543315,0.07287128901277234,0.2243857675495011,0.09031011235825687,0.21054734973489025,0,0,True,True,True,True,True,0.009230637472180824,True,0.0,0.008,True
HEAD_0092_v522B,4150936237,bc083cc4129fedbc,0,0.0,4,4,6,6,2,2,0.9337838946576882,0.9337838946576882,0.06929361834021405,0.15625865299449887,0.05849950185853631,0.15832101561947556,0,0,True,True,True,True,True,0.12618949230815996,True,0.0,0.015,False
HEAD_0093_v522B,863761382,bc083cc4129fedbc,0,0.0,4,4,6,6,2,2,0.9160807628002482,0.9160807628002482,0.07185927616311671,0.23020093559364635,0.08331495689253152,0.21928010860161057,0,0,True,True,True,False,True,0.03169130450028916,True,0.0,0.008,True
HEAD_0094_v522B,202670208,bc083cc4129fedbc,0,0.0,4,4,6,6,2,2,0.9219820012531518,0.9219820012531518,0.07691258437008286,0.21111983577843688,0.09210145823810922,0.23378461093639655,0,0,True,True,True,False,False,0.23864512378097455,False,0.0,0.007,False
HEAD_0095_v522B,940213964,bc083cc4129fedbc,0,0.0,4,4,6,6,2,2,0.8528315430811854,0.8528315430811854,0.07911441338117196,0.16659474761598575,0.07379561158916324,0.2352527315886156,0,0,True,True,False,True,False,0.2004888307871384,False,0.0,0.012,False
HEAD_0096_v522B,2946694319,bc083cc4129fedbc,0,0.0,4,4,6,6,2,2,0.9252609263545143,0.9252609263545143,0.0890646986106757,0.24481494788669386,0.13828183224292584,0.17835361256933616,0,0,True,True,True,True,False,0.1796868297444199,False,0.0,0.007,False
HEAD_0097_v522B,2940897580,bc083cc4129fedbc,0,0.0,4,4,6,6,2,2,0.8512295173586217,0.8512295173586217,0.14954543647041035,0.16899149167795807,0.05928027335710754,0.20624801515999258,0,0,True,True,True,True,True,0.24273851169645136,False,0.0,0.01,False
HEAD_0098_v522B,1518513142,bc083cc4129fedbc,0,0.0,4,4,6,6,2,2,0.8879318839173225,0.8879318839173225,0.12091859127987598,0.15644035662519432,0.11544045943652875,0.1204344247821702,0,0,True,True,True,False,True,0.026089309324021415,True,0.0,0.007,True
HEAD_0099_v522B,892231017,bc083cc4129fedbc,0,0.0,4,4,6,6,2,2,0.8710718935025766,0.8710718935025766,0.09227707963689206,0.1010277530925968,0.11261337682855166,0.2190806916332687,0,0,True,True,True,True,True,0.04431622120912577,True,0.002,0.006,True
HEAD_0100_v522B,2141588929,bc083cc4129fedbc,0,0.0,4,4,6,6,2,2,0.8847163081015224,0.8847163081015224,0.07308531300427373,0.1826278763445645,0.0632171454970155,0.19983620400026358,0,0,True,True,True,True,True,0.11797859983036006,True,0.0,0.006,True
HEAD_0101_v522B,3785063690,bc083cc4129fedbc,0,0.0,4,4,6,6,2,2,0.9416606940117223,0.9416606940117223,0.0965332773714409,0.1841017924311431,0.06398393878612094,0.11024215125913917,0,0,True,True,True,True,False,0.29991709371979935,False,0.0,0.006,False
HEAD_0102_v522B,1722981070,bc083cc4129fedbc,0,0.0,4,4,6,6,2,2,0.8965274174746583,0.8965274174746583,0.11828435967570937,0.21458879518894242,0.12837775756497313,0.22885319103060361,0,0,True,True,True,False,True,0.04108294736816197,True,0.0,0.006,True
HEAD_0103_v522B,296049131,bc083cc4129fedbc,0,0.0,4,4,6,6,2,2,0.9168567415085602,0.9168567415085602,0.07155678296510183,0.11652358837033458,0.06518344618018966,0.1958599603435518,0,0,True,True,False,True,True,0.12230701405078213,True,0.0,0.007,True
HEAD_0104_v522B,3826719090,bc083cc4129fedbc,0,0.0,4,4,6,6,2,2,0.8919956397812364,0.8919956397812364,0.052055755485073144,0.2100060789852216,0.14624524183900925,0.10716142940031738,0,0,True,True,False,True,True,0.1569574832225699,False,0.0,0.007,False
HEAD_0105_v522B,3185013414,bc083cc4129fedbc,0,0.0,4,4,6,6,2,2,0.8701968248117353,0.8701968248117353,0.05300546277910287,0.2422509679732954,0.06986828711980732,0.23005011730743735,0,0,True,True,False,True,True,0.19101064261890383,False,0.0,0.007,False
HEAD_0106_v522B,3976630990,bc083cc4129fedbc,0,0.0,4,4,6,6,2,2,0.8510132902650065,0.8510132902650065,0.09916119824579767,0.16643541902260278,0.09477120454928603,0.13285122438878028,0,0,True,True,True,False,True,0.05023600541255411,True,0.002,0.008,True
HEAD_0107_v522B,1906486718,bc083cc4129fedbc,0,0.0,4,4,6,6,2,2,0.909887443859656,0.909887443859656,0.14073818604039245,0.12956737199793014,0.13070884662911034,0.1807962581575877,0,0,True,True,True,True,True,0.04601330067668976,True,0.0,0.004,True
HEAD_0108_v522B,1160270834,bc083cc4129fedbc,0,0.0,4,4,6,6,2,2,0.9381568454135242,0.9381568454135242,0.08305942521104165,0.14415527198162106,0.07468894538017773,0.20027820143390876,0,0,True,True,True,False,False,0.05278672698443084,True,0.0,0.005,True
HEAD_0109_v522B,1826628634,bc083cc4129fedbc,0,0.0,4,4,6,6,2,2,0.9137162088850737,0.9137162088850737,0.12596351195882227,0.21707173235252317,0.08986237631123695,0.1459328187924808,0,0,True,True,True,False,True,0.2625290502394181,False,0.0,0.003,False
HEAD_0110_v522B,416953823,bc083cc4129fedbc,0,0.0,4,4,6,6,2,2,0.854741062932378,0.854741062932378,0.07466456452875066,0.20789978092220668,0.10795058655905966,0.20992964627574828,0,0,True,True,True,True,True,0.0007331404240062622,True,0.0,0.008,True
HEAD_0111_v522B,3416757102,bc083cc4129fedbc,0,0.0,4,4,6,6,2,2,0.8982512259472126,0.8982512259472126,0.08002524762232976,0.19948078905828814,0.1471483437367323,0.19199931126577746,0,0,True,True,True,True,True,0.0862543998666596,True,0.0,0.008,True
HEAD_0112_v522B,4101756119,bc083cc4129fedbc,0,0.0,4,4,6,6,2,2,0.9137128607862841,0.9137128607862841,0.13824659204414252,0.14866099706710767,0.0593009845702311,0.19193201559125733,0,0,True,True,False,False,True,0.28189392774050903,False,0.0,0.008,False
HEAD_0113_v522B,3440909802,bc083cc4129fedbc,0,0.0,4,4,6,6,2,2,0.8970187815103727,0.8970187815103727,0.1383933636532652,0.11720750730189011,0.05514752160784987,0.10016032704779605,0,0,True,True,True,True,True,0.15112781660408628,False,0.0,0.008,False
HEAD_0114_v522B,3309679917,bc083cc4129fedbc,0,0.0,4,4,6,6,2,2,0.8871985016542016,0.8871985016542016,0.08331673614113916,0.22782357034829273,0.12827086147355427,0.1347060655720521,0,0,True,True,True,True,True,0.029617425549680474,True,0.0,0.008,True
HEAD_0115_v522B,3100155733,bc083cc4129fedbc,0,0.0,4,4,6,6,2,2,0.8622442863084664,0.8622442863084664,0.11265653611681048,0.21587068787699523,0.13995355227538683,0.1673736455743462,0,0,True,True,False,True,True,0.25525727779359403,False,0.0,0.008,False
HEAD_0116_v522B,1807072214,bc083cc4129fedbc,0,0.0,4,4,6,6,2,2,0.8951619165352218,0.8951619165352218,0.06960938188185141,0.1793530130063739,0.10609987339305789,0.22222666645503714,0,0,True,True,True,True,True,0.20927856360747768,False,0.0,0.012,False
HEAD_0117_v522B,4263857672,bc083cc4129fedbc,0,0.0,4,4,6,6,2,2,0.8748227405016977,0.8748227405016977,0.14321896383865257,0.19904442060364103,0.14775316386296372,0.1610873449196374,0,0,True,True,True,True,True,0.08579846921845442,True,0.0,0.008,True
HEAD_0118_v522B,1478982505,bc083cc4129fedbc,0,0.0,4,4,6,6,2,2,0.8917781538513105,0.8917781538513105,0.1054652849955092,0.13475530142392017,0.05668710194896366,0.19324167229662548,0,0,True,True,True,False,True,0.06882625751426114,True,0.0,0.006,True
HEAD_0119_v522B,3416436917,bc083cc4129fedbc,0,0.0,4,4,6,6,2,2,0.9455342304785844,0.9455342304785844,0.06746860027442148,0.23682614724120102,0.07517569008004853,0.1322289425378163,0,0,True,True,True,True,False,0.011346019772300852,True,0.0,0.007,True
HEAD_0120_v522B,2034931884,bc083cc4129fedbc,0,0.0,4,4,6,6,2,2,0.9208405961504086,0.9208405961504086,0.0581073721904823,0.24539684817978974,0.05463316565020348,0.11174049254632286,0,0,True,True,True,False,True,0.17153267681088583,False,0.0,0.005,False
HEAD_0121_v522B,2238648358,bc083cc4129fedbc,0,0.0,4,4,6,6,2,2,0.9270558101936734,0.9270558101936734,0.11956577524217654,0.17249777342210515,0.12928035216933664,0.13348956708789458,0,0,True,True,False,True,False,0.17795896046311294,False,0.0,0.009,False
HEAD_0122_v522B,3861785068,bc083cc4129fedbc,0,0.0,4,4,6,6,2,2,0.8798050359314956,0.8798050359314956,0.06635110427935954,0.19138461195432904,0.05980998703830556,0.19849700997919736,0,0,True,True,True,False,False,0.27618632943762483,False,0.0,0.013,False
HEAD_0123_v522B,73899490,bc083cc4129fedbc,0,0.0,4,4,6,6,2,2,0.8571497555749724,0.8571497555749724,0.1295844240168914,0.10024219733689746,0.14853354002415742,0.1690209107994935,0,0,True,True,False,False,True,0.0146137934114686,True,0.0,0.008,True
HEAD_0124_v522B,3614831404,bc083cc4129fedbc,0,0.0,4,4,6,6,2,2,0.8660909838461519,0.8660909838461519,0.08420064417866449,0.24484924168118444,0.10325567219607508,0.1211366009921056,0,0,True,True,True,True,True,0.2261090709351155,False,0.0,0.007,False
HEAD_0125_v522B,2496337403,bc083cc4129fedbc,0,0.0,4,4,6,6,2,2,0.9233983648155559,0.9233983648155559,0.13902390909000156,0.2040472139280441,0.111334054677208,0.17741996382077568,0,0,True,True,True,True,True,0.04663456479782123,True,0.0,0.009,True
HEAD_0126_v522B,1145111424,bc083cc4129fedbc,0,0.0,4,4,6,6,2,2,0.946861162024715,0.946861162024715,0.11249827087610932,0.1550660519461133,0.12120714427443464,0.2360996648714949,0,0,True,True,True,True,True,0.2730459697919166,False,0.0,0.01,False
HEAD_0127_v522B,2870824801,bc083cc4129fedbc,0,0.0,4,4,6,6,2,2,0.9388290829298718,0.9388290829298718,0.08420671349798044,0.1973483707886748,0.07933862569504577,0.19576296061252174,0,0,True,True,True,True,True,0.29825917335204594,False,0.0,0.009,False
HEAD_0128_v522B,1747022760,bc083cc4129fedbc,0,0.0,4,4,6,6,2,2,0.8684716851653216,0.8684716851653216,0.14832473057460022,0.13929715462292688,0.10018598865785724,0.1462554736927946,0,0,True,True,False,True,True,0.2877959893663863,False,0.0,0.007,False
HEAD_0129_v522B,194722650,bc083cc4129fedbc,0,0.0,4,4,6,6,2,2,0.9110614955286088,0.9110614955286088,0.1093462976339148,0.1709501556537985,0.1123101026448891,0.15917451495082446,0,0,True,True,True,True,True,0.10886777031820251,True,0.0,0.008,True
HEAD_0130_v522B,1442274546,bc083cc4129fedbc,0,0.0,4,4,6,6,2,2,0.9151026983193618,0.9151026983193618,0.0656723853978237,0.217633987131019,0.09551435093961524,0.15047770954817957,0,0,True,True,True,False,True,0.040034326696071376,True,0.0,0.01,False
HEAD_0131_v522B,2190814742,bc083cc4129fedbc,0,0.0,4,4,6,6,2,2,0.928413532025629,0.928413532025629,0.10998136707313326,0.19716774427895234,0.13338868752769661,0.19106844909361537,0,0,True,True,True,True,False,0.280668548064972,False,0.0,0.005,False
HEAD_0132_v522B,1120476854,bc083cc4129fedbc,0,0.0,4,4,6,6,2,2,0.9019650121843716,0.9019650121843716,0.08542248466933014,0.16742384489404327,0.09694507206204798,0.1196020799478965,0,0,True,True,True,False,True,0.1573119272965593,False,0.0,0.011,False
HEAD_0133_v522B,3962030776,bc083cc4129fedbc,0,0.0,4,4,6,6,2,2,0.9270482182726744,0.9270482182726744,0.08407309237855196,0.11098752543739755,0.10588944039537483,0.10884719925536743,0,0,True,True,True,True,True,0.023603836660138055,True,0.0,0.012,False
HEAD_0134_v522B,1305398395,bc083cc4129fedbc,0,0.0,4,4,6,6,2,2,0.9461138951076706,0.9461138951076706,0.10376870514556535,0.1405190386460984,0.05055631780331126,0.12209890439984686,0,0,True,True,False,True,False,0.1862212663751235,False,0.0,0.006,False
HEAD_0135_v522B,1616650610,bc083cc4129fedbc,0,0.0,4,4,6,6,2,2,0.9123798184287,0.9123798184287,0.1483081958474637,0.21256274363151853,0.12509918740549633,0.17283092125377444,0,0,True,True,True,True,True,0.2569202840972073,False,0.0,0.006,False
HEAD_0136_v522B,435705087,bc083cc4129fedbc,0,0.0,4,4,6,6,2,2,0.9100349992458483,0.9100349992458483,0.10816377806732602,0.14014510419250326,0.05104162406260391,0.1384468629318047,0,0,True,True,True,True,False,0.18176906574107252,False,0.0,0.008,False
HEAD_0137_v522B,662185281,bc083cc4129fedbc,0,0.0,4,4,6,6,2,2,0.8673850575212806,0.8673850575212806,0.06692676478151185,0.20643463152940375,0.13733847637390623,0.24663004168301567,0,0,True,True,False,False,True,0.2653242686949463,False,0.0,0.009,False
HEAD_0138_v522B,4238912759,bc083cc4129fedbc,0,0.0,4,4,6,6,2,2,0.8563483760252587,0.8563483760252587,0.06626713242329701,0.24162386762269814,0.05538108013862297,0.20018591152236115,0,0,True,True,True,True,True,0.24184987269326463,False,0.0,0.002,False
HEAD_0139_v522B,3959042508,bc083cc4129fedbc,0,0.0,4,4,6,6,2,2,0.8613104618226071,0.8613104618226071,0.11217385872622343,0.16013396673922098,0.06501075007503357,0.17390603567570995,0,0,True,True,True,True,True,0.29931309850066773,False,0.0,0.008,False
HEAD_0140_v522B,3170199537,bc083cc4129fedbc,0,0.0,4,4,6,6,2,2,0.9351896591346187,0.9351896591346187,0.08042927294336825,0.16694631651996927,0.14143751409380206,0.14295354253281464,0,0,True,True,True,True,True,0.1045509188453646,True,0.0,0.007,True
HEAD_0141_v522B,1001589938,bc083cc4129fedbc,0,0.0,4,4,6,6,2,2,0.878805412291313,0.878805412291313,0.13051069213562896,0.13023364633469797,0.07485949369614094,0.20466672317506698,0,0,True,True,True,True,True,0.26053443552480604,False,0.0,0.008,False
HEAD_0142_v522B,2802923530,bc083cc4129fedbc,0,0.0,4,4,6,6,2,2,0.9088861111830998,0.9088861111830998,0.14227989403574925,0.1573716345671754,0.14306364245637715,0.24555987014863312,0,0,True,True,False,True,False,0.08281404812079304,True,0.0,0.006,True
HEAD_0143_v522B,734194951,bc083cc4129fedbc,0,0.0,4,4,6,6,2,2,0.9262193942977055,0.9262193942977055,0.14817456010968078,0.1615876245207772,0.11380060173722263,0.23953473802559927,0,0,True,True,True,True,True,0.09992448558833938,True,0.0,0.012,False
HEAD_0144_v522B,2231777568,bc083cc4129fedbc,0,0.0,4,4,6,6,2,2,0.9198166933808889,0.9198166933808889,0.14025323924919858,0.16653941485329354,0.09906302991635257,0.1615373745470614,0,0,True,True,True,True,True,0.2401165399373495,False,0.0,0.012,False
HEAD_0145_v522B,977468281,bc083cc4129fedbc,0,0.0,4,4,6,6,2,2,0.9407627199278094,0.9407627199278094,0.07434473807583486,0.24048788171909388,0.13344677910155373,0.10022323089750085,0,0,True,True,True,True,True,0.19997142304948567,False,0.0,0.007,False
HEAD_0146_v522B,1310806107,bc083cc4129fedbc,0,0.0,4,4,6,6,2,2,0.9087561640285944,0.9087561640285944,0.09632260276333343,0.1112142806712788,0.1409927574290507,0.21125086780515992,0,0,True,True,True,True,False,0.13432757184490038,True,0.0,0.01,False
HEAD_0147_v522B,4049648691,bc083cc4129fedbc,0,0.0,4,4,6,6,2,2,0.8538941432906275,0.8538941432906275,0.10753136869475301,0.14074388985619238,0.06599283622568985,0.237576067540497,0,0,True,True,True,True,True,0.17635712884961569,False,0.0,0.007,False
HEAD_0148_v522B,259636179,bc083cc4129fedbc,0,0.0,4,4,6,6,2,2,0.9320796944962519,0.9320796944962519,0.10706355553368538,0.10888120470519048,0.059250863636855625,0.21686600547277146,0,0,True,True,True,True,True,0.1797389836500589,False,0.0,0.013,False
HEAD_0149_v522B,970463220,bc083cc4129fedbc,0,0.0,4,4,6,6,2,2,0.9180016605611475,0.9180016605611475,0.11762583384117944,0.1943019150343747,0.05370988926736225,0.2350829863013958,0,0,True,True,True,True,True,0.011117005123581547,True,0.0,0.006,True
HEAD_0150_v522B,2622951151,bc083cc4129fedbc,0,0.0,4,4,6,6,2,2,0.8922911974624662,0.8922911974624662,0.143043952778615,0.21988072783226814,0.0749192086721312,0.12340914354046663,0,0,True,True,True,False,False,0.11249556985425581,True,0.0,0.011,False
HEAD_0151_v522B,2498623404,bc083cc4129fedbc,0,0.0,4,4,6,6,2,2,0.9307847630943583,0.9307847630943583,0.09406449645316892,0.20654590849241056,0.05767932410795904,0.1253534028598324,0,0,True,True,True,True,True,0.23643520955003608,False,0.0,0.012,False
HEAD_0152_v522B,301510642,bc083cc4129fedbc,0,0.0,4,4,6,6,2,2,0.9224143921482229,0.9224143921482229,0.07051072501415977,0.20426883273728258,0.1254191718427467,0.21154176654016738,0,0,True,True,False,True,False,0.23087739273829092,False,0.0,0.004,False
HEAD_0153_v522B,1856630119,bc083cc4129fedbc,0,0.0,4,4,6,6,2,2,0.8975774207902889,0.8975774207902889,0.07420226376811258,0.2472293317336512,0.06251574039806153,0.15785374270443356,0,0,True,True,True,True,False,0.14067639525593478,True,0.0,0.004,True
HEAD_0154_v522B,3080664917,bc083cc4129fedbc,0,0.0,4,4,6,6,2,2,0.9021239444484425,0.9021239444484425,0.05080159368658152,0.20135919011645734,0.14087792298654517,0.19353602234307204,0,0,True,True,True,False,True,0.18962617735993267,False,0.002,0.01,False
HEAD_0155_v522B,1085873613,bc083cc4129fedbc,0,0.0,4,4,6,6,2,2,0.9056623027629495,0.9056623027629495,0.1026468181597944,0.22530879121547523,0.1259344200425621,0.14956018718830222,0,0,True,True,False,True,True,0.025889927187358896,True,0.0,0.009,True
HEAD_0156_v522B,3297594738,bc083cc4129fedbc,0,0.0,4,4,6,6,2,2,0.8563903505447635,0.8563903505447635,0.1189913645405496,0.2045925149275371,0.062207774673498674,0.10899284306885497,0,0,True,True,True,False,False,0.21273048116403903,False,0.0,0.01,False
HEAD_0157_v522B,4114793644,bc083cc4129fedbc,0,0.0,4,4,6,6,2,2,0.8553484553010705,0.8553484553010705,0.06039627739948775,0.24785813474395027,0.07749528388575719,0.14463966896977148,0,0,True,True,True,True,True,0.21244795684243561,False,0.0,0.01,False
HEAD_0158_v522B,2185846077,bc083cc4129fedbc,0,0.0,4,4,6,6,2,2,0.920842452649643,0.920842452649643,0.08860378314236857,0.20181387504651294,0.08617448546109102,0.10620242008285717,0,0,True,True,True,False,False,0.23970610842530557,False,0.0,0.009,False
HEAD_0159_v522B,3200939221,bc083cc4129fedbc,0,0.0,4,4,6,6,2,2,0.9259688864859117,0.9259688864859117,0.12002863414229255,0.19417671777577925,0.08907591085332174,0.13133768464221118,0,0,True,True,False,True,True,0.11612152114567528,True,0.0,0.011,False
HEAD_0160_v522B,924999972,bc083cc4129fedbc,0,0.0,4,4,6,6,2,2,0.8618616159378262,0.8618616159378262,0.12301623026474764,0.14718932120920541,0.12201782089314162,0.1241681840067212,0,0,True,True,True,True,False,0.11759222366019065,True,0.0,0.012,False
HEAD_0161_v522B,3638776493,bc083cc4129fedbc,0,0.0,4,4,6,6,2,2,0.8562791865855227,0.8562791865855227,0.0893767560064739,0.1855762070444999,0.1381890161788973,0.18604494344107908,0,0,True,True,True,True,True,0.1978386009853172,False,0.0,0.003,False
HEAD_0162_v522B,3169405248,bc083cc4129fedbc,0,0.0,4,4,6,6,2,2,0.8729622694810201,0.8729622694810201,0.05878135014809077,0.11979699296476935,0.05944512026029439,0.18582954500586657,0,0,True,True,True,True,True,0.251895765035414,False,0.0,0.015,False
HEAD_0163_v522B,2293428938,bc083cc4129fedbc,0,0.0,4,4,6,6,2,2,0.8659292673475996,0.8659292673475996,0.09243997109548292,0.19585157292008845,0.1366962630148137,0.19310897046040654,0,0,True,True,True,False,False,0.20133635637936473,False,0.0,0.004,False
HEAD_0164_v522B,1807393035,bc083cc4129fedbc,0,0.0,4,4,6,6,2,2,0.8549380436125142,0.8549380436125142,0.12771584394475202,0.22667096188588917,0.09282258405986545,0.12660781700283638,0,0,True,True,False,True,True,0.032549137447386876,True,0.0,0.01,False
HEAD_0165_v522B,3790153165,bc083cc4129fedbc,0,0.0,4,4,6,6,2,2,0.9116010037639004,0.9116010037639004,0.11820779563668248,0.17775223048029914,0.1133546823793426,0.17638328258582314,0,0,True,True,True,True,True,0.2733869259471886,False,0.0,0.008,False
HEAD_0166_v522B,3016732817,bc083cc4129fedbc,0,0.0,4,4,6,6,2,2,0.873362294265833,0.873362294265833,0.09279933355150716,0.21928589849280397,0.06401006687010595,0.24991463658740154,0,0,True,True,True,False,True,0.29695690491938176,False,0.0,0.008,False
HEAD_0167_v522B,42224285,bc083cc4129fedbc,0,0.0,4,4,6,6,2,2,0.9463210165831739,0.9463210165831739,0.10602438579778474,0.1333058509931695,0.08452433048509003,0.20752846573590983,0,0,True,True,True,True,True,0.224673898815877,False,0.0,0.011,False
HEAD_0168_v522B,695486160,bc083cc4129fedbc,0,0.0,4,4,6,6,2,2,0.8877307524120552,0.8877307524120552,0.07597837156136532,0.12978044750166529,0.050926240400459157,0.10767534939154841,0,0,True,True,True,True,True,0.22684237367009435,False,0.0,0.01,False
HEAD_0169_v522B,1278184175,bc083cc4129fedbc,0,0.0,4,4,6,6,2,2,0.9142749172868694,0.9142749172868694,0.07126742083096015,0.1398037194700053,0.14408765762806808,0.1408950436921626,0,0,True,True,True,True,False,0.19808868129879717,False,0.0,0.009,False
HEAD_0170_v522B,3428893250,bc083cc4129fedbc,0,0.0,4,4,6,6,2,2,0.8904510389753441,0.8904510389753441,0.13924288772211368,0.13179042541004973,0.06133729771262463,0.14462159610972602,0,0,True,True,False,True,True,0.11436662969409926,True,0.0,0.011,False
HEAD_0171_v522B,934624087,bc083cc4129fedbc,0,0.0,4,4,6,6,2,2,0.9412547192715075,0.9412547192715075,0.13013608668677243,0.219780586882188,0.05548065562739625,0.16606666823385258,0,0,True,True,True,False,False,0.1862219752374404,False,0.0,0.011,False
HEAD_0172_v522B,684496607,bc083cc4129fedbc,0,0.0,4,4,6,6,2,2,0.892663892966372,0.892663892966372,0.12946438554568046,0.20588028766578925,0.05710847517345157,0.18848723463863257,0,0,True,True,True,True,True,0.2715528789539096,False,0.0,0.009,False
HEAD_0173_v522B,1089332718,bc083cc4129fedbc,0,0.0,4,4,6,6,2,2,0.935057558862411,0.935057558862411,0.09340905913700659,0.10119948367661007,0.08205591293329592,0.12598531992316872,0,0,True,True,True,True,True,0.16581384225969792,False,0.0,0.007,False
HEAD_0174_v522B,4146624997,bc083cc4129fedbc,0,0.0,4,4,6,6,2,2,0.9451124111354968,0.9451124111354968,0.1310872640446431,0.23194018686162624,0.059820161245993056,0.21979394449841433,0,0,True,True,True,True,True,0.27669972422418,False,0.0,0.007,False
HEAD_0175_v522B,1944425723,bc083cc4129fedbc,0,0.0,4,4,6,6,2,2,0.916947988274841,0.916947988274841,0.1387534529348208,0.11578680890214552,0.11117276773338344,0.14955210080374515,0,0,True,True,True,True,False,0.2946471893047731,False,0.0,0.008,False
HEAD_0176_v522B,915645521,bc083cc4129fedbc,0,0.0,4,4,6,6,2,2,0.8546998184137239,0.8546998184137239,0.06805679187518748,0.16382679883871004,0.07749294224955867,0.15966432638351125,0,0,True,True,True,False,False,0.295131428784617,False,0.0,0.008,False
HEAD_0177_v522B,3520408568,bc083cc4129fedbc,0,0.0,4,4,6,6,2,2,0.8997493262396042,0.8997493262396042,0.13931547368029584,0.17598979461879072,0.13804184098570144,0.1624405953158986,0,0,True,True,True,False,True,0.0020849450278972,True,0.0,0.011,False
HEAD_0178_v522B,1965549079,bc083cc4129fedbc,0,0.0,4,4,6,6,2,2,0.9239181028389379,0.9239181028389379,0.058596960469985526,0.10640218898795355,0.0632525672435085,0.10235431477411736,0,0,True,True,True,True,True,0.2773769909090632,False,0.0,0.008,False
HEAD_0179_v522B,187161757,bc083cc4129fedbc,0,0.0,4,4,6,6,2,2,0.8598575821049603,0.8598575821049603,0.10762852190716642,0.20385272960035808,0.12451141483698197,0.2460164862087908,0,0,True,True,True,False,True,0.015962312019186707,True,0.0,0.01,False
HEAD_0180_v522B,3534364452,bc083cc4129fedbc,0,0.0,4,4,6,6,2,2,0.9323924503308985,0.9323924503308985,0.09412070428186452,0.21221260512280052,0.056921667922038656,0.24117395642595826,0,0,True,True,True,True,False,0.0769346504795139,True,0.0,0.007,True
HEAD_0181_v522B,4063542572,bc083cc4129fedbc,0,0.0,4,4,6,6,2,2,0.9017241520939059,0.9017241520939059,0.06433960202322173,0.1758209281670231,0.09182375131353415,0.17985467565488583,0,0,True,True,True,True,True,0.0368115399806182,True,0.0,0.009,True
HEAD_0182_v522B,191797019,bc083cc4129fedbc,0,0.0,4,4,6,6,2,2,0.8816758650431089,0.8816758650431089,0.05702347664963369,0.23359350720970595,0.07117279153580558,0.16970072872660152,0,0,True,True,False,False,True,0.2952454301706092,False,0.0,0.004,False
HEAD_0183_v522B,1966097199,bc083cc4129fedbc,0,0.0,4,4,6,6,2,2,0.9216816733766516,0.9216816733766516,0.0591290393520028,0.19974294934375353,0.09271698576530768,0.16944384024198655,0,0,True,True,False,True,True,0.10999571666060999,True,0.0,0.009,True
HEAD_0184_v522B,1692720272,bc083cc4129fedbc,0,0.0,4,4,6,6,2,2,0.8591493108037477,0.8591493108037477,0.14903479075111914,0.20449250388812396,0.05115549447376874,0.15731966589618857,0,0,True,True,True,True,True,0.07524539278835495,True,0.0,0.007,True
HEAD_0185_v522B,4081489721,bc083cc4129fedbc,0,0.0,4,4,6,6,2,2,0.8670553961851369,0.8670553961851369,0.05423139777276358,0.19144413664324747,0.06752265882549086,0.16268417541198354,0,0,True,True,True,False,True,0.2913574238514134,False,0.0,0.007,False
HEAD_0186_v522B,70575463,bc083cc4129fedbc,0,0.0,4,4,6,6,2,2,0.8935035919994615,0.8935035919994615,0.11527673606154884,0.133026991740156,0.09324033039311856,0.2097653448097174,0,0,True,True,True,False,True,0.19880749183717888,False,0.0,0.009,False
HEAD_0187_v522B,339941240,bc083cc4129fedbc,0,0.0,4,4,6,6,2,2,0.8941515999661874,0.8941515999661874,0.1264944258190157,0.1699964196744904,0.11005863052711454,0.15815923070452903,0,0,True,True,True,True,True,0.011469811725248812,True,0.0,0.006,True
HEAD_0188_v522B,3765111579,bc083cc4129fedbc,0,0.0,4,4,6,6,2,2,0.8610778926525149,0.8610778926525149,0.14682163237605272,0.20420780030976798,0.14871927937222434,0.18300160335708787,0,0,True,True,False,False,True,0.10320758476720536,True,0.0,0.009,True
HEAD_0189_v522B,2487370390,bc083cc4129fedbc,0,0.0,4,4,6,6,2,2,0.9193075295823169,0.9193075295823169,0.11621035124259382,0.23876149334608412,0.1240982941255396,0.17607620586019035,0,0,True,True,True,True,False,0.2732793686293068,False,0.0,0.007,False
HEAD_0190_v522B,3340270037,bc083cc4129fedbc,0,0.0,4,4,6,6,2,2,0.8535397939645464,0.8535397939645464,0.12644274165395342,0.16956366242838355,0.09110291385610197,0.11423599821099671,0,0,True,True,True,True,False,0.14083728104096904,True,0.0,0.01,False
HEAD_0191_v522B,444591612,bc083cc4129fedbc,0,0.0,4,4,6,6,2,2,0.8695739964054964,0.8695739964054964,0.14591210317257805,0.23173036892856472,0.10183881499265211,0.20929384148095323,0,0,True,True,True,True,True,0.23536105156771459,False,0.0,0.005,False
HEAD_0192_v522B,3287081863,bc083cc4129fedbc,0,0.0,4,4,6,6,2,2,0.8584111633711835,0.8584111633711835,0.09540804629622845,0.12165797730320572,0.11108581687327597,0.1375428052268375,0,0,True,True,False,True,True,0.28401069143370783,False,0.002,0.011,False
HEAD_0193_v522B,3211295732,bc083cc4129fedbc,0,0.0,4,4,6,6,2,2,0.9236913060376505,0.9236913060376505,0.05008027405817041,0.22334973717913148,0.07090733032128917,0.24889068776365714,0,0,True,True,True,True,True,0.1735423220509235,False,0.0,0.004,False
HEAD_0194_v522B,464475186,bc083cc4129fedbc,0,0.0,4,4,6,6,2,2,0.9061745200152607,0.9061745200152607,0.06458427161943041,0.18636592520668502,0.1420080020861118,0.11380990571747288,0,0,True,True,True,False,True,0.06219826384380983,True,0.0,0.011,False
HEAD_0195_v522B,2803121072,bc083cc4129fedbc,0,0.0,4,4,6,6,2,2,0.855760769799139,0.855760769799139,0.11631027773823836,0.2008178413291304,0.10018046822891695,0.22016551806905454,0,0,True,True,True,True,True,0.14643585283543104,True,0.002,0.009,True
HEAD_0196_v522B,1904296596,bc083cc4129fedbc,0,0.0,4,4,6,6,2,2,0.8746624166418622,0.8746624166418622,0.104865003490518,0.2376000422482696,0.14053219076973256,0.21142108397711196,0,0,True,True,True,True,True,0.1236798845303721,True,0.0,0.007,True
HEAD_0197_v522B,2337536538,bc083cc4129fedbc,0,0.0,4,4,6,6,2,2,0.9013445196784912,0.9013445196784912,0.0660960778441984,0.19458221112986213,0.1459649476952818,0.12301445418383453,0,0,True,True,True,True,True,0.21784474369442494,False,0.0,0.006,False
HEAD_0198_v522B,826537356,bc083cc4129fedbc,0,0.0,4,4,6,6,2,2,0.9214569907614504,0.9214569907614504,0.09958190993236327,0.24663696892505957,0.11190024918072465,0.12963561098714638,0,0,True,True,True,True,True,0.14280711684378875,True,0.0,0.008,True
HEAD_0199_v522B,2833289640,bc083cc4129fedbc,0,0.0,4,4,6,6,2,2,0.8654487941401128,0.8654487941401128,0.14716156442294853,0.10446002154424099,0.08310472414120168,0.23570972988232322,0,0,True,True,True,True,True,0.15459905831367718,False,0.0,0.007,False
HEAD_0200_v522B,2774117203,bc083cc4129fedbc,0,0.0,4,4,6,6,2,2,0.9218013701959168,0.9218013701959168,0.11445980776421974,0.2446944169557828,0.1102623394008316,0.18776550408858378,0,0,True,True,True,True,True,0.1719751753623549,False,0.0,0.011,False
