{
  "description": "Verbatim Flint quotes tested as OTP keys",
  "source": "A System of Geometry and Trigonometry by Abel Flint (1820)",
  "quotes": [
    {
      "verbatim": "At the first station A, draw a meridian line and lay off the bearings to the respective angles; draw the stationary line",
      "page": 59,
      "normalized_AZ": "ATTHEFIRSTSTATIONADRAWAMERIDIANLINEANDLAYOFFTHEBEARINGSTOTHERESPECTIVEANGLESDRAWTHESTATIONARYLINE",
      "normalized_len": 97,
      "section_note": "Surveying, Case VII: To protract this field"
    },
    {
      "verbatim": "Find the bearing from each station to the respective angles; and also the bearing and distance from one station to the",
      "page": 59,
      "normalized_AZ": "FINDTHEBEARINGFROMEACHSTATIONTOTHERESPECTIVEANGLESANDALSOTHEBEARINGANDDISTANCEFROMONESTATIONTOTHE",
      "normalized_len": 97,
      "section_note": "Surveying, Case VII"
    },
    {
      "verbatim": "From the line take offsets to the several bends, at right angles from the line; noticing in the Field-Book at what part of",
      "page": 61,
      "normalized_AZ": "FROMTHELINETAKEOFFSETSTOTHESEVERALBENDSATRIGHTANGLESFROMTHELINENOTICINGINTHEFIELDBOOKATWHATPARTOF",
      "normalized_len": 97,
      "section_note": "Surveying, Case IX: Boundary lines very irregular"
    },
    {
      "verbatim": "NOTE. In a similar manner angles may be measured; that is, with a chord of 60 degrees describe an arc on the angular point, and",
      "page": 18,
      "normalized_AZ": "NOTEINASIMILARMANNERANGLESMAYBEMEASUREDTHATISWITHACHORDOFDEGREESDESCRIBEANARCONTHEANGULARPOINTAND",
      "normalized_len": 97,
      "section_note": "Geometry, after Problem VII note on scale of chords"
    },
    {
      "verbatim": "To protract a field according to the preceding rules is preferable to the method of doing it by parallel lines, though",
      "page": 52,
      "normalized_AZ": "TOPROTRACTAFIELDACCORDINGTOTHEPRECEDINGRULESISPREFERABLETOTHEMETHODOFDOINGITBYPARALLELLINESTHOUGH",
      "normalized_len": 97,
      "section_note": "Surveying, Another method of protracting fields"
    }
  ]
}