{
  "pt_sha256": "595673454befe63b02053f311d1a966e3f08ce232d5d744d3afbc2ea04d3d769",
  "ct_sha256": "eea813570c7f1fd3b34674e47b5c3da8948026f5cefee612a0b38ffaa515ceab",
  "t2_sha256": "a5260415e76509638b4845d5e707521126aca2d67b50177b3c94f8ccc4c56c31",
  "encrypts_to_ct": true,
  "option_a_passed": true,
  "rails_valid": true,
  "near_gate": {
    "coverage": 0.9230769230769231,
    "function_words": 10,
    "has_verb": true,
    "passed": true
  },
  "phrase_gate": {
    "combine": "AND",
    "tracks": [
      "flint_v2",
      "generic"
    ],
    "pass": true
  },
  "nulls": {
    "status": "ran",
    "p_cov_holm": 0.00019998000199980003,
    "p_fw_holm": 9.999000099990002e-05,
    "publishable": true
  }
}