label,category,mode,score_norm,anchor_score,z_ngram,z_coverage,z_compress
CORRIDOR_PERFECT_000,PERFECT,fixed,-0.07980234667941387,1.0,-1.6752989429629517,2.168560222467119,-0.12038585308576924
CORRIDOR_PERFECT_000,PERFECT,r1,-0.07980234667941387,1.0,-1.6752989429629517,2.168560222467119,-0.12038585308576924
CORRIDOR_PERFECT_000,PERFECT,r2,-0.07980234667941387,1.0,-1.6752989429629517,2.168560222467119,-0.12038585308576924
CORRIDOR_PERFECT_000,PERFECT,r3,-0.07980234667941387,1.0,-1.6752989429629517,2.168560222467119,-0.12038585308576924
CORRIDOR_PERFECT_000,PERFECT,r4,-0.07980234667941387,1.0,-1.6752989429629517,2.168560222467119,-0.12038585308576924
CORRIDOR_PERFECT_000,PERFECT,shuffled,-0.2298023466794139,0.0,-1.6752989429629517,2.168560222467119,-0.12038585308576924
CORRIDOR_PERFECT_001,PERFECT,fixed,-0.07980234667941387,1.0,-1.6752989429629517,2.168560222467119,-0.12038585308576924
CORRIDOR_PERFECT_001,PERFECT,r1,-0.07980234667941387,1.0,-1.6752989429629517,2.168560222467119,-0.12038585308576924
CORRIDOR_PERFECT_001,PERFECT,r2,-0.07980234667941387,1.0,-1.6752989429629517,2.168560222467119,-0.12038585308576924
CORRIDOR_PERFECT_001,PERFECT,r3,-0.07980234667941387,1.0,-1.6752989429629517,2.168560222467119,-0.12038585308576924
CORRIDOR_PERFECT_001,PERFECT,r4,-0.07980234667941387,1.0,-1.6752989429629517,2.168560222467119,-0.12038585308576924
CORRIDOR_PERFECT_001,PERFECT,shuffled,-0.2298023466794139,0.0,-1.6752989429629517,2.168560222467119,-0.12038585308576924
CORRIDOR_PERFECT_002,PERFECT,fixed,-0.07980234667941387,1.0,-1.6752989429629517,2.168560222467119,-0.12038585308576924
CORRIDOR_PERFECT_002,PERFECT,r1,-0.07980234667941387,1.0,-1.6752989429629517,2.168560222467119,-0.12038585308576924
CORRIDOR_PERFECT_002,PERFECT,r2,-0.07980234667941387,1.0,-1.6752989429629517,2.168560222467119,-0.12038585308576924
CORRIDOR_PERFECT_002,PERFECT,r3,-0.07980234667941387,1.0,-1.6752989429629517,2.168560222467119,-0.12038585308576924
CORRIDOR_PERFECT_002,PERFECT,r4,-0.07980234667941387,1.0,-1.6752989429629517,2.168560222467119,-0.12038585308576924
CORRIDOR_PERFECT_002,PERFECT,shuffled,-0.2298023466794139,0.0,-1.6752989429629517,2.168560222467119,-0.12038585308576924
CORRIDOR_PERFECT_003,PERFECT,fixed,-0.07980234667941387,1.0,-1.6752989429629517,2.168560222467119,-0.12038585308576924
CORRIDOR_PERFECT_003,PERFECT,r1,-0.07980234667941387,1.0,-1.6752989429629517,2.168560222467119,-0.12038585308576924
CORRIDOR_PERFECT_003,PERFECT,r2,-0.07980234667941387,1.0,-1.6752989429629517,2.168560222467119,-0.12038585308576924
CORRIDOR_PERFECT_003,PERFECT,r3,-0.07980234667941387,1.0,-1.6752989429629517,2.168560222467119,-0.12038585308576924
CORRIDOR_PERFECT_003,PERFECT,r4,-0.07980234667941387,1.0,-1.6752989429629517,2.168560222467119,-0.12038585308576924
CORRIDOR_PERFECT_003,PERFECT,shuffled,-0.2298023466794139,0.0,-1.6752989429629517,2.168560222467119,-0.12038585308576924
CORRIDOR_PERFECT_004,PERFECT,fixed,-0.07980234667941387,1.0,-1.6752989429629517,2.168560222467119,-0.12038585308576924
CORRIDOR_PERFECT_004,PERFECT,r1,-0.07980234667941387,1.0,-1.6752989429629517,2.168560222467119,-0.12038585308576924
CORRIDOR_PERFECT_004,PERFECT,r2,-0.07980234667941387,1.0,-1.6752989429629517,2.168560222467119,-0.12038585308576924
CORRIDOR_PERFECT_004,PERFECT,r3,-0.07980234667941387,1.0,-1.6752989429629517,2.168560222467119,-0.12038585308576924
CORRIDOR_PERFECT_004,PERFECT,r4,-0.07980234667941387,1.0,-1.6752989429629517,2.168560222467119,-0.12038585308576924
CORRIDOR_PERFECT_004,PERFECT,shuffled,-0.2298023466794139,0.0,-1.6752989429629517,2.168560222467119,-0.12038585308576924
CORRIDOR_PERFECT_005,PERFECT,fixed,-0.07980234667941387,1.0,-1.6752989429629517,2.168560222467119,-0.12038585308576924
CORRIDOR_PERFECT_005,PERFECT,r1,-0.07980234667941387,1.0,-1.6752989429629517,2.168560222467119,-0.12038585308576924
CORRIDOR_PERFECT_005,PERFECT,r2,-0.07980234667941387,1.0,-1.6752989429629517,2.168560222467119,-0.12038585308576924
CORRIDOR_PERFECT_005,PERFECT,r3,-0.07980234667941387,1.0,-1.6752989429629517,2.168560222467119,-0.12038585308576924
CORRIDOR_PERFECT_005,PERFECT,r4,-0.07980234667941387,1.0,-1.6752989429629517,2.168560222467119,-0.12038585308576924
CORRIDOR_PERFECT_005,PERFECT,shuffled,-0.2298023466794139,0.0,-1.6752989429629517,2.168560222467119,-0.12038585308576924
CORRIDOR_PERFECT_006,PERFECT,fixed,-0.07980234667941387,1.0,-1.6752989429629517,2.168560222467119,-0.12038585308576924
CORRIDOR_PERFECT_006,PERFECT,r1,-0.07980234667941387,1.0,-1.6752989429629517,2.168560222467119,-0.12038585308576924
CORRIDOR_PERFECT_006,PERFECT,r2,-0.07980234667941387,1.0,-1.6752989429629517,2.168560222467119,-0.12038585308576924
CORRIDOR_PERFECT_006,PERFECT,r3,-0.07980234667941387,1.0,-1.6752989429629517,2.168560222467119,-0.12038585308576924
CORRIDOR_PERFECT_006,PERFECT,r4,-0.07980234667941387,1.0,-1.6752989429629517,2.168560222467119,-0.12038585308576924
CORRIDOR_PERFECT_006,PERFECT,shuffled,-0.2298023466794139,0.0,-1.6752989429629517,2.168560222467119,-0.12038585308576924
CORRIDOR_PERFECT_007,PERFECT,fixed,-0.07980234667941387,1.0,-1.6752989429629517,2.168560222467119,-0.12038585308576924
CORRIDOR_PERFECT_007,PERFECT,r1,-0.07980234667941387,1.0,-1.6752989429629517,2.168560222467119,-0.12038585308576924
CORRIDOR_PERFECT_007,PERFECT,r2,-0.07980234667941387,1.0,-1.6752989429629517,2.168560222467119,-0.12038585308576924
CORRIDOR_PERFECT_007,PERFECT,r3,-0.07980234667941387,1.0,-1.6752989429629517,2.168560222467119,-0.12038585308576924
CORRIDOR_PERFECT_007,PERFECT,r4,-0.07980234667941387,1.0,-1.6752989429629517,2.168560222467119,-0.12038585308576924
CORRIDOR_PERFECT_007,PERFECT,shuffled,-0.2298023466794139,0.0,-1.6752989429629517,2.168560222467119,-0.12038585308576924
CORRIDOR_PERFECT_008,PERFECT,fixed,-0.07980234667941387,1.0,-1.6752989429629517,2.168560222467119,-0.12038585308576924
CORRIDOR_PERFECT_008,PERFECT,r1,-0.07980234667941387,1.0,-1.6752989429629517,2.168560222467119,-0.12038585308576924
CORRIDOR_PERFECT_008,PERFECT,r2,-0.07980234667941387,1.0,-1.6752989429629517,2.168560222467119,-0.12038585308576924
CORRIDOR_PERFECT_008,PERFECT,r3,-0.07980234667941387,1.0,-1.6752989429629517,2.168560222467119,-0.12038585308576924
CORRIDOR_PERFECT_008,PERFECT,r4,-0.07980234667941387,1.0,-1.6752989429629517,2.168560222467119,-0.12038585308576924
CORRIDOR_PERFECT_008,PERFECT,shuffled,-0.2298023466794139,0.0,-1.6752989429629517,2.168560222467119,-0.12038585308576924
CORRIDOR_PERFECT_009,PERFECT,fixed,-0.07980234667941387,1.0,-1.6752989429629517,2.168560222467119,-0.12038585308576924
CORRIDOR_PERFECT_009,PERFECT,r1,-0.07980234667941387,1.0,-1.6752989429629517,2.168560222467119,-0.12038585308576924
CORRIDOR_PERFECT_009,PERFECT,r2,-0.07980234667941387,1.0,-1.6752989429629517,2.168560222467119,-0.12038585308576924
CORRIDOR_PERFECT_009,PERFECT,r3,-0.07980234667941387,1.0,-1.6752989429629517,2.168560222467119,-0.12038585308576924
CORRIDOR_PERFECT_009,PERFECT,r4,-0.07980234667941387,1.0,-1.6752989429629517,2.168560222467119,-0.12038585308576924
CORRIDOR_PERFECT_009,PERFECT,shuffled,-0.2298023466794139,0.0,-1.6752989429629517,2.168560222467119,-0.12038585308576924
CORRIDOR_SHIFT-3_010,SHIFT-3,fixed,-0.6692770941736931,0.0,-2.207006732280607,1.367735253261782,-0.12038585308576924
CORRIDOR_SHIFT-3_010,SHIFT-3,r1,-0.6692770941736931,0.0,-2.207006732280607,1.367735253261782,-0.12038585308576924
CORRIDOR_SHIFT-3_010,SHIFT-3,r2,-0.6692770941736931,0.0,-2.207006732280607,1.367735253261782,-0.12038585308576924
CORRIDOR_SHIFT-3_010,SHIFT-3,r3,-0.6692770941736931,0.0,-2.207006732280607,1.367735253261782,-0.12038585308576924
CORRIDOR_SHIFT-3_010,SHIFT-3,r4,-0.6317770941736931,0.25,-2.207006732280607,1.367735253261782,-0.12038585308576924
CORRIDOR_SHIFT-3_010,SHIFT-3,shuffled,-0.6692770941736931,0.0,-2.207006732280607,1.367735253261782,-0.12038585308576924
CORRIDOR_SHIFT-3_011,SHIFT-3,fixed,-0.6692770941736931,0.0,-2.207006732280607,1.367735253261782,-0.12038585308576924
CORRIDOR_SHIFT-3_011,SHIFT-3,r1,-0.6692770941736931,0.0,-2.207006732280607,1.367735253261782,-0.12038585308576924
CORRIDOR_SHIFT-3_011,SHIFT-3,r2,-0.6692770941736931,0.0,-2.207006732280607,1.367735253261782,-0.12038585308576924
CORRIDOR_SHIFT-3_011,SHIFT-3,r3,-0.6692770941736931,0.0,-2.207006732280607,1.367735253261782,-0.12038585308576924
CORRIDOR_SHIFT-3_011,SHIFT-3,r4,-0.6317770941736931,0.25,-2.207006732280607,1.367735253261782,-0.12038585308576924
CORRIDOR_SHIFT-3_011,SHIFT-3,shuffled,-0.6692770941736931,0.0,-2.207006732280607,1.367735253261782,-0.12038585308576924
CORRIDOR_SHIFT-3_012,SHIFT-3,fixed,-0.6692770941736931,0.0,-2.207006732280607,1.367735253261782,-0.12038585308576924
CORRIDOR_SHIFT-3_012,SHIFT-3,r1,-0.6692770941736931,0.0,-2.207006732280607,1.367735253261782,-0.12038585308576924
CORRIDOR_SHIFT-3_012,SHIFT-3,r2,-0.6692770941736931,0.0,-2.207006732280607,1.367735253261782,-0.12038585308576924
CORRIDOR_SHIFT-3_012,SHIFT-3,r3,-0.6692770941736931,0.0,-2.207006732280607,1.367735253261782,-0.12038585308576924
CORRIDOR_SHIFT-3_012,SHIFT-3,r4,-0.6317770941736931,0.25,-2.207006732280607,1.367735253261782,-0.12038585308576924
CORRIDOR_SHIFT-3_012,SHIFT-3,shuffled,-0.6692770941736931,0.0,-2.207006732280607,1.367735253261782,-0.12038585308576924
CORRIDOR_SHIFT-3_013,SHIFT-3,fixed,-0.6692770941736931,0.0,-2.207006732280607,1.367735253261782,-0.12038585308576924
CORRIDOR_SHIFT-3_013,SHIFT-3,r1,-0.6692770941736931,0.0,-2.207006732280607,1.367735253261782,-0.12038585308576924
CORRIDOR_SHIFT-3_013,SHIFT-3,r2,-0.6692770941736931,0.0,-2.207006732280607,1.367735253261782,-0.12038585308576924
CORRIDOR_SHIFT-3_013,SHIFT-3,r3,-0.6692770941736931,0.0,-2.207006732280607,1.367735253261782,-0.12038585308576924
CORRIDOR_SHIFT-3_013,SHIFT-3,r4,-0.6317770941736931,0.25,-2.207006732280607,1.367735253261782,-0.12038585308576924
CORRIDOR_SHIFT-3_013,SHIFT-3,shuffled,-0.6692770941736931,0.0,-2.207006732280607,1.367735253261782,-0.12038585308576924
CORRIDOR_SHIFT-3_014,SHIFT-3,fixed,-0.6692770941736931,0.0,-2.207006732280607,1.367735253261782,-0.12038585308576924
CORRIDOR_SHIFT-3_014,SHIFT-3,r1,-0.6692770941736931,0.0,-2.207006732280607,1.367735253261782,-0.12038585308576924
CORRIDOR_SHIFT-3_014,SHIFT-3,r2,-0.6692770941736931,0.0,-2.207006732280607,1.367735253261782,-0.12038585308576924
CORRIDOR_SHIFT-3_014,SHIFT-3,r3,-0.6692770941736931,0.0,-2.207006732280607,1.367735253261782,-0.12038585308576924
CORRIDOR_SHIFT-3_014,SHIFT-3,r4,-0.6317770941736931,0.25,-2.207006732280607,1.367735253261782,-0.12038585308576924
CORRIDOR_SHIFT-3_014,SHIFT-3,shuffled,-0.6692770941736931,0.0,-2.207006732280607,1.367735253261782,-0.12038585308576924
CORRIDOR_SHIFT-2_015,SHIFT-2,fixed,-0.41333220852099284,0.0,-1.941152837621779,1.9129777854866927,-0.12038585308576924
CORRIDOR_SHIFT-2_015,SHIFT-2,r1,-0.41333220852099284,0.0,-1.941152837621779,1.9129777854866927,-0.12038585308576924
CORRIDOR_SHIFT-2_015,SHIFT-2,r2,-0.41333220852099284,0.0,-1.941152837621779,1.9129777854866927,-0.12038585308576924
CORRIDOR_SHIFT-2_015,SHIFT-2,r3,-0.3633322085209928,0.3333333333333333,-1.941152837621779,1.9129777854866927,-0.12038585308576924
CORRIDOR_SHIFT-2_015,SHIFT-2,r4,-0.3383322085209929,0.5,-1.941152837621779,1.9129777854866927,-0.12038585308576924
CORRIDOR_SHIFT-2_015,SHIFT-2,shuffled,-0.41333220852099284,0.0,-1.941152837621779,1.9129777854866927,-0.12038585308576924
CORRIDOR_SHIFT-2_016,SHIFT-2,fixed,-0.41333220852099284,0.0,-1.941152837621779,1.9129777854866927,-0.12038585308576924
CORRIDOR_SHIFT-2_016,SHIFT-2,r1,-0.41333220852099284,0.0,-1.941152837621779,1.9129777854866927,-0.12038585308576924
CORRIDOR_SHIFT-2_016,SHIFT-2,r2,-0.41333220852099284,0.0,-1.941152837621779,1.9129777854866927,-0.12038585308576924
CORRIDOR_SHIFT-2_016,SHIFT-2,r3,-0.3633322085209928,0.3333333333333333,-1.941152837621779,1.9129777854866927,-0.12038585308576924
CORRIDOR_SHIFT-2_016,SHIFT-2,r4,-0.3383322085209929,0.5,-1.941152837621779,1.9129777854866927,-0.12038585308576924
CORRIDOR_SHIFT-2_016,SHIFT-2,shuffled,-0.41333220852099284,0.0,-1.941152837621779,1.9129777854866927,-0.12038585308576924
CORRIDOR_SHIFT-2_017,SHIFT-2,fixed,-0.41333220852099284,0.0,-1.941152837621779,1.9129777854866927,-0.12038585308576924
CORRIDOR_SHIFT-2_017,SHIFT-2,r1,-0.41333220852099284,0.0,-1.941152837621779,1.9129777854866927,-0.12038585308576924
CORRIDOR_SHIFT-2_017,SHIFT-2,r2,-0.41333220852099284,0.0,-1.941152837621779,1.9129777854866927,-0.12038585308576924
CORRIDOR_SHIFT-2_017,SHIFT-2,r3,-0.3633322085209928,0.3333333333333333,-1.941152837621779,1.9129777854866927,-0.12038585308576924
CORRIDOR_SHIFT-2_017,SHIFT-2,r4,-0.3383322085209929,0.5,-1.941152837621779,1.9129777854866927,-0.12038585308576924
CORRIDOR_SHIFT-2_017,SHIFT-2,shuffled,-0.41333220852099284,0.0,-1.941152837621779,1.9129777854866927,-0.12038585308576924
CORRIDOR_SHIFT-2_018,SHIFT-2,fixed,-0.41333220852099284,0.0,-1.941152837621779,1.9129777854866927,-0.12038585308576924
CORRIDOR_SHIFT-2_018,SHIFT-2,r1,-0.41333220852099284,0.0,-1.941152837621779,1.9129777854866927,-0.12038585308576924
CORRIDOR_SHIFT-2_018,SHIFT-2,r2,-0.41333220852099284,0.0,-1.941152837621779,1.9129777854866927,-0.12038585308576924
CORRIDOR_SHIFT-2_018,SHIFT-2,r3,-0.3633322085209928,0.3333333333333333,-1.941152837621779,1.9129777854866927,-0.12038585308576924
CORRIDOR_SHIFT-2_018,SHIFT-2,r4,-0.3383322085209929,0.5,-1.941152837621779,1.9129777854866927,-0.12038585308576924
CORRIDOR_SHIFT-2_018,SHIFT-2,shuffled,-0.41333220852099284,0.0,-1.941152837621779,1.9129777854866927,-0.12038585308576924
CORRIDOR_SHIFT-2_019,SHIFT-2,fixed,-0.41333220852099284,0.0,-1.941152837621779,1.9129777854866927,-0.12038585308576924
CORRIDOR_SHIFT-2_019,SHIFT-2,r1,-0.41333220852099284,0.0,-1.941152837621779,1.9129777854866927,-0.12038585308576924
CORRIDOR_SHIFT-2_019,SHIFT-2,r2,-0.41333220852099284,0.0,-1.941152837621779,1.9129777854866927,-0.12038585308576924
CORRIDOR_SHIFT-2_019,SHIFT-2,r3,-0.3633322085209928,0.3333333333333333,-1.941152837621779,1.9129777854866927,-0.12038585308576924
CORRIDOR_SHIFT-2_019,SHIFT-2,r4,-0.3383322085209929,0.5,-1.941152837621779,1.9129777854866927,-0.12038585308576924
CORRIDOR_SHIFT-2_019,SHIFT-2,shuffled,-0.41333220852099284,0.0,-1.941152837621779,1.9129777854866927,-0.12038585308576924
CORRIDOR_SHIFT-1_020,SHIFT-1,fixed,-0.41333220852099284,0.0,-1.941152837621779,1.9129777854866927,-0.12038585308576924
CORRIDOR_SHIFT-1_020,SHIFT-1,r1,-0.3383322085209929,0.5,-1.941152837621779,1.9129777854866927,-0.12038585308576924
CORRIDOR_SHIFT-1_020,SHIFT-1,r2,-0.3383322085209929,0.5,-1.941152837621779,1.9129777854866927,-0.12038585308576924
CORRIDOR_SHIFT-1_020,SHIFT-1,r3,-0.31333220852099286,0.6666666666666666,-1.941152837621779,1.9129777854866927,-0.12038585308576924
CORRIDOR_SHIFT-1_020,SHIFT-1,r4,-0.3008322085209929,0.75,-1.941152837621779,1.9129777854866927,-0.12038585308576924
CORRIDOR_SHIFT-1_020,SHIFT-1,shuffled,-0.41333220852099284,0.0,-1.941152837621779,1.9129777854866927,-0.12038585308576924
CORRIDOR_SHIFT-1_021,SHIFT-1,fixed,-0.41333220852099284,0.0,-1.941152837621779,1.9129777854866927,-0.12038585308576924
CORRIDOR_SHIFT-1_021,SHIFT-1,r1,-0.3383322085209929,0.5,-1.941152837621779,1.9129777854866927,-0.12038585308576924
CORRIDOR_SHIFT-1_021,SHIFT-1,r2,-0.3383322085209929,0.5,-1.941152837621779,1.9129777854866927,-0.12038585308576924
CORRIDOR_SHIFT-1_021,SHIFT-1,r3,-0.31333220852099286,0.6666666666666666,-1.941152837621779,1.9129777854866927,-0.12038585308576924
CORRIDOR_SHIFT-1_021,SHIFT-1,r4,-0.3008322085209929,0.75,-1.941152837621779,1.9129777854866927,-0.12038585308576924
CORRIDOR_SHIFT-1_021,SHIFT-1,shuffled,-0.41333220852099284,0.0,-1.941152837621779,1.9129777854866927,-0.12038585308576924
CORRIDOR_SHIFT-1_022,SHIFT-1,fixed,-0.41333220852099284,0.0,-1.941152837621779,1.9129777854866927,-0.12038585308576924
CORRIDOR_SHIFT-1_022,SHIFT-1,r1,-0.3383322085209929,0.5,-1.941152837621779,1.9129777854866927,-0.12038585308576924
CORRIDOR_SHIFT-1_022,SHIFT-1,r2,-0.3383322085209929,0.5,-1.941152837621779,1.9129777854866927,-0.12038585308576924
CORRIDOR_SHIFT-1_022,SHIFT-1,r3,-0.31333220852099286,0.6666666666666666,-1.941152837621779,1.9129777854866927,-0.12038585308576924
CORRIDOR_SHIFT-1_022,SHIFT-1,r4,-0.3008322085209929,0.75,-1.941152837621779,1.9129777854866927,-0.12038585308576924
CORRIDOR_SHIFT-1_022,SHIFT-1,shuffled,-0.41333220852099284,0.0,-1.941152837621779,1.9129777854866927,-0.12038585308576924
CORRIDOR_SHIFT-1_023,SHIFT-1,fixed,-0.41333220852099284,0.0,-1.941152837621779,1.9129777854866927,-0.12038585308576924
CORRIDOR_SHIFT-1_023,SHIFT-1,r1,-0.3383322085209929,0.5,-1.941152837621779,1.9129777854866927,-0.12038585308576924
CORRIDOR_SHIFT-1_023,SHIFT-1,r2,-0.3383322085209929,0.5,-1.941152837621779,1.9129777854866927,-0.12038585308576924
CORRIDOR_SHIFT-1_023,SHIFT-1,r3,-0.31333220852099286,0.6666666666666666,-1.941152837621779,1.9129777854866927,-0.12038585308576924
CORRIDOR_SHIFT-1_023,SHIFT-1,r4,-0.3008322085209929,0.75,-1.941152837621779,1.9129777854866927,-0.12038585308576924
CORRIDOR_SHIFT-1_023,SHIFT-1,shuffled,-0.41333220852099284,0.0,-1.941152837621779,1.9129777854866927,-0.12038585308576924
CORRIDOR_SHIFT-1_024,SHIFT-1,fixed,-0.41333220852099284,0.0,-1.941152837621779,1.9129777854866927,-0.12038585308576924
CORRIDOR_SHIFT-1_024,SHIFT-1,r1,-0.3383322085209929,0.5,-1.941152837621779,1.9129777854866927,-0.12038585308576924
CORRIDOR_SHIFT-1_024,SHIFT-1,r2,-0.3383322085209929,0.5,-1.941152837621779,1.9129777854866927,-0.12038585308576924
CORRIDOR_SHIFT-1_024,SHIFT-1,r3,-0.31333220852099286,0.6666666666666666,-1.941152837621779,1.9129777854866927,-0.12038585308576924
CORRIDOR_SHIFT-1_024,SHIFT-1,r4,-0.3008322085209929,0.75,-1.941152837621779,1.9129777854866927,-0.12038585308576924
CORRIDOR_SHIFT-1_024,SHIFT-1,shuffled,-0.41333220852099284,0.0,-1.941152837621779,1.9129777854866927,-0.12038585308576924
CORRIDOR_SHIFT+1_025,SHIFT+1,fixed,-0.4814875250491067,0.0,-1.941152837621779,1.6403565193742373,-0.12038585308576924
CORRIDOR_SHIFT+1_025,SHIFT+1,r1,-0.40648752504910673,0.5,-1.941152837621779,1.6403565193742373,-0.12038585308576924
CORRIDOR_SHIFT+1_025,SHIFT+1,r2,-0.40648752504910673,0.5,-1.941152837621779,1.6403565193742373,-0.12038585308576924
CORRIDOR_SHIFT+1_025,SHIFT+1,r3,-0.3814875250491067,0.6666666666666666,-1.941152837621779,1.6403565193742373,-0.12038585308576924
CORRIDOR_SHIFT+1_025,SHIFT+1,r4,-0.36898752504910676,0.75,-1.941152837621779,1.6403565193742373,-0.12038585308576924
CORRIDOR_SHIFT+1_025,SHIFT+1,shuffled,-0.4814875250491067,0.0,-1.941152837621779,1.6403565193742373,-0.12038585308576924
CORRIDOR_SHIFT+1_026,SHIFT+1,fixed,-0.4814875250491067,0.0,-1.941152837621779,1.6403565193742373,-0.12038585308576924
CORRIDOR_SHIFT+1_026,SHIFT+1,r1,-0.40648752504910673,0.5,-1.941152837621779,1.6403565193742373,-0.12038585308576924
CORRIDOR_SHIFT+1_026,SHIFT+1,r2,-0.40648752504910673,0.5,-1.941152837621779,1.6403565193742373,-0.12038585308576924
CORRIDOR_SHIFT+1_026,SHIFT+1,r3,-0.3814875250491067,0.6666666666666666,-1.941152837621779,1.6403565193742373,-0.12038585308576924
CORRIDOR_SHIFT+1_026,SHIFT+1,r4,-0.36898752504910676,0.75,-1.941152837621779,1.6403565193742373,-0.12038585308576924
CORRIDOR_SHIFT+1_026,SHIFT+1,shuffled,-0.4814875250491067,0.0,-1.941152837621779,1.6403565193742373,-0.12038585308576924
CORRIDOR_SHIFT+1_027,SHIFT+1,fixed,-0.4814875250491067,0.0,-1.941152837621779,1.6403565193742373,-0.12038585308576924
CORRIDOR_SHIFT+1_027,SHIFT+1,r1,-0.40648752504910673,0.5,-1.941152837621779,1.6403565193742373,-0.12038585308576924
CORRIDOR_SHIFT+1_027,SHIFT+1,r2,-0.40648752504910673,0.5,-1.941152837621779,1.6403565193742373,-0.12038585308576924
CORRIDOR_SHIFT+1_027,SHIFT+1,r3,-0.3814875250491067,0.6666666666666666,-1.941152837621779,1.6403565193742373,-0.12038585308576924
CORRIDOR_SHIFT+1_027,SHIFT+1,r4,-0.36898752504910676,0.75,-1.941152837621779,1.6403565193742373,-0.12038585308576924
CORRIDOR_SHIFT+1_027,SHIFT+1,shuffled,-0.4814875250491067,0.0,-1.941152837621779,1.6403565193742373,-0.12038585308576924
CORRIDOR_SHIFT+1_028,SHIFT+1,fixed,-0.4814875250491067,0.0,-1.941152837621779,1.6403565193742373,-0.12038585308576924
CORRIDOR_SHIFT+1_028,SHIFT+1,r1,-0.40648752504910673,0.5,-1.941152837621779,1.6403565193742373,-0.12038585308576924
CORRIDOR_SHIFT+1_028,SHIFT+1,r2,-0.40648752504910673,0.5,-1.941152837621779,1.6403565193742373,-0.12038585308576924
CORRIDOR_SHIFT+1_028,SHIFT+1,r3,-0.3814875250491067,0.6666666666666666,-1.941152837621779,1.6403565193742373,-0.12038585308576924
CORRIDOR_SHIFT+1_028,SHIFT+1,r4,-0.36898752504910676,0.75,-1.941152837621779,1.6403565193742373,-0.12038585308576924
CORRIDOR_SHIFT+1_028,SHIFT+1,shuffled,-0.4814875250491067,0.0,-1.941152837621779,1.6403565193742373,-0.12038585308576924
CORRIDOR_SHIFT+1_029,SHIFT+1,fixed,-0.4814875250491067,0.0,-1.941152837621779,1.6403565193742373,-0.12038585308576924
CORRIDOR_SHIFT+1_029,SHIFT+1,r1,-0.40648752504910673,0.5,-1.941152837621779,1.6403565193742373,-0.12038585308576924
CORRIDOR_SHIFT+1_029,SHIFT+1,r2,-0.40648752504910673,0.5,-1.941152837621779,1.6403565193742373,-0.12038585308576924
CORRIDOR_SHIFT+1_029,SHIFT+1,r3,-0.3814875250491067,0.6666666666666666,-1.941152837621779,1.6403565193742373,-0.12038585308576924
CORRIDOR_SHIFT+1_029,SHIFT+1,r4,-0.36898752504910676,0.75,-1.941152837621779,1.6403565193742373,-0.12038585308576924
CORRIDOR_SHIFT+1_029,SHIFT+1,shuffled,-0.4814875250491067,0.0,-1.941152837621779,1.6403565193742373,-0.12038585308576924
CORRIDOR_SHIFT+2_030,SHIFT+2,fixed,-0.4814875250491067,0.0,-1.941152837621779,1.6403565193742373,-0.12038585308576924
CORRIDOR_SHIFT+2_030,SHIFT+2,r1,-0.45648752504910667,0.16666666666666666,-1.941152837621779,1.6403565193742373,-0.12038585308576924
CORRIDOR_SHIFT+2_030,SHIFT+2,r2,-0.45648752504910667,0.16666666666666666,-1.941152837621779,1.6403565193742373,-0.12038585308576924
CORRIDOR_SHIFT+2_030,SHIFT+2,r3,-0.41482085838244004,0.4444444444444445,-1.941152837621779,1.6403565193742373,-0.12038585308576924
CORRIDOR_SHIFT+2_030,SHIFT+2,r4,-0.39398752504910667,0.5833333333333334,-1.941152837621779,1.6403565193742373,-0.12038585308576924
CORRIDOR_SHIFT+2_030,SHIFT+2,shuffled,-0.4814875250491067,0.0,-1.941152837621779,1.6403565193742373,-0.12038585308576924
CORRIDOR_SHIFT+2_031,SHIFT+2,fixed,-0.4814875250491067,0.0,-1.941152837621779,1.6403565193742373,-0.12038585308576924
CORRIDOR_SHIFT+2_031,SHIFT+2,r1,-0.45648752504910667,0.16666666666666666,-1.941152837621779,1.6403565193742373,-0.12038585308576924
CORRIDOR_SHIFT+2_031,SHIFT+2,r2,-0.45648752504910667,0.16666666666666666,-1.941152837621779,1.6403565193742373,-0.12038585308576924
CORRIDOR_SHIFT+2_031,SHIFT+2,r3,-0.41482085838244004,0.4444444444444445,-1.941152837621779,1.6403565193742373,-0.12038585308576924
CORRIDOR_SHIFT+2_031,SHIFT+2,r4,-0.39398752504910667,0.5833333333333334,-1.941152837621779,1.6403565193742373,-0.12038585308576924
CORRIDOR_SHIFT+2_031,SHIFT+2,shuffled,-0.4814875250491067,0.0,-1.941152837621779,1.6403565193742373,-0.12038585308576924
CORRIDOR_SHIFT+2_032,SHIFT+2,fixed,-0.4814875250491067,0.0,-1.941152837621779,1.6403565193742373,-0.12038585308576924
CORRIDOR_SHIFT+2_032,SHIFT+2,r1,-0.45648752504910667,0.16666666666666666,-1.941152837621779,1.6403565193742373,-0.12038585308576924
CORRIDOR_SHIFT+2_032,SHIFT+2,r2,-0.45648752504910667,0.16666666666666666,-1.941152837621779,1.6403565193742373,-0.12038585308576924
CORRIDOR_SHIFT+2_032,SHIFT+2,r3,-0.41482085838244004,0.4444444444444445,-1.941152837621779,1.6403565193742373,-0.12038585308576924
CORRIDOR_SHIFT+2_032,SHIFT+2,r4,-0.39398752504910667,0.5833333333333334,-1.941152837621779,1.6403565193742373,-0.12038585308576924
CORRIDOR_SHIFT+2_032,SHIFT+2,shuffled,-0.4814875250491067,0.0,-1.941152837621779,1.6403565193742373,-0.12038585308576924
CORRIDOR_SHIFT+2_033,SHIFT+2,fixed,-0.4814875250491067,0.0,-1.941152837621779,1.6403565193742373,-0.12038585308576924
CORRIDOR_SHIFT+2_033,SHIFT+2,r1,-0.45648752504910667,0.16666666666666666,-1.941152837621779,1.6403565193742373,-0.12038585308576924
CORRIDOR_SHIFT+2_033,SHIFT+2,r2,-0.45648752504910667,0.16666666666666666,-1.941152837621779,1.6403565193742373,-0.12038585308576924
CORRIDOR_SHIFT+2_033,SHIFT+2,r3,-0.41482085838244004,0.4444444444444445,-1.941152837621779,1.6403565193742373,-0.12038585308576924
CORRIDOR_SHIFT+2_033,SHIFT+2,r4,-0.39398752504910667,0.5833333333333334,-1.941152837621779,1.6403565193742373,-0.12038585308576924
CORRIDOR_SHIFT+2_033,SHIFT+2,shuffled,-0.4814875250491067,0.0,-1.941152837621779,1.6403565193742373,-0.12038585308576924
CORRIDOR_SHIFT+2_034,SHIFT+2,fixed,-0.4814875250491067,0.0,-1.941152837621779,1.6403565193742373,-0.12038585308576924
CORRIDOR_SHIFT+2_034,SHIFT+2,r1,-0.45648752504910667,0.16666666666666666,-1.941152837621779,1.6403565193742373,-0.12038585308576924
CORRIDOR_SHIFT+2_034,SHIFT+2,r2,-0.45648752504910667,0.16666666666666666,-1.941152837621779,1.6403565193742373,-0.12038585308576924
CORRIDOR_SHIFT+2_034,SHIFT+2,r3,-0.41482085838244004,0.4444444444444445,-1.941152837621779,1.6403565193742373,-0.12038585308576924
CORRIDOR_SHIFT+2_034,SHIFT+2,r4,-0.39398752504910667,0.5833333333333334,-1.941152837621779,1.6403565193742373,-0.12038585308576924
CORRIDOR_SHIFT+2_034,SHIFT+2,shuffled,-0.4814875250491067,0.0,-1.941152837621779,1.6403565193742373,-0.12038585308576924
CORRIDOR_SHIFT+3_035,SHIFT+3,fixed,-0.4814875250491067,0.0,-1.941152837621779,1.6403565193742373,-0.12038585308576924
CORRIDOR_SHIFT+3_035,SHIFT+3,r1,-0.45648752504910667,0.16666666666666666,-1.941152837621779,1.6403565193742373,-0.12038585308576924
CORRIDOR_SHIFT+3_035,SHIFT+3,r2,-0.45648752504910667,0.16666666666666666,-1.941152837621779,1.6403565193742373,-0.12038585308576924
CORRIDOR_SHIFT+3_035,SHIFT+3,r3,-0.44815419171577336,0.22222222222222224,-1.941152837621779,1.6403565193742373,-0.12038585308576924
CORRIDOR_SHIFT+3_035,SHIFT+3,r4,-0.4189875250491067,0.4166666666666667,-1.941152837621779,1.6403565193742373,-0.12038585308576924
CORRIDOR_SHIFT+3_035,SHIFT+3,shuffled,-0.4814875250491067,0.0,-1.941152837621779,1.6403565193742373,-0.12038585308576924
CORRIDOR_SHIFT+3_036,SHIFT+3,fixed,-0.4814875250491067,0.0,-1.941152837621779,1.6403565193742373,-0.12038585308576924
CORRIDOR_SHIFT+3_036,SHIFT+3,r1,-0.45648752504910667,0.16666666666666666,-1.941152837621779,1.6403565193742373,-0.12038585308576924
CORRIDOR_SHIFT+3_036,SHIFT+3,r2,-0.45648752504910667,0.16666666666666666,-1.941152837621779,1.6403565193742373,-0.12038585308576924
CORRIDOR_SHIFT+3_036,SHIFT+3,r3,-0.44815419171577336,0.22222222222222224,-1.941152837621779,1.6403565193742373,-0.12038585308576924
CORRIDOR_SHIFT+3_036,SHIFT+3,r4,-0.4189875250491067,0.4166666666666667,-1.941152837621779,1.6403565193742373,-0.12038585308576924
CORRIDOR_SHIFT+3_036,SHIFT+3,shuffled,-0.4814875250491067,0.0,-1.941152837621779,1.6403565193742373,-0.12038585308576924
CORRIDOR_SHIFT+3_037,SHIFT+3,fixed,-0.4814875250491067,0.0,-1.941152837621779,1.6403565193742373,-0.12038585308576924
CORRIDOR_SHIFT+3_037,SHIFT+3,r1,-0.45648752504910667,0.16666666666666666,-1.941152837621779,1.6403565193742373,-0.12038585308576924
CORRIDOR_SHIFT+3_037,SHIFT+3,r2,-0.45648752504910667,0.16666666666666666,-1.941152837621779,1.6403565193742373,-0.12038585308576924
CORRIDOR_SHIFT+3_037,SHIFT+3,r3,-0.44815419171577336,0.22222222222222224,-1.941152837621779,1.6403565193742373,-0.12038585308576924
CORRIDOR_SHIFT+3_037,SHIFT+3,r4,-0.4189875250491067,0.4166666666666667,-1.941152837621779,1.6403565193742373,-0.12038585308576924
CORRIDOR_SHIFT+3_037,SHIFT+3,shuffled,-0.4814875250491067,0.0,-1.941152837621779,1.6403565193742373,-0.12038585308576924
CORRIDOR_SHIFT+3_038,SHIFT+3,fixed,-0.4814875250491067,0.0,-1.941152837621779,1.6403565193742373,-0.12038585308576924
CORRIDOR_SHIFT+3_038,SHIFT+3,r1,-0.45648752504910667,0.16666666666666666,-1.941152837621779,1.6403565193742373,-0.12038585308576924
CORRIDOR_SHIFT+3_038,SHIFT+3,r2,-0.45648752504910667,0.16666666666666666,-1.941152837621779,1.6403565193742373,-0.12038585308576924
CORRIDOR_SHIFT+3_038,SHIFT+3,r3,-0.44815419171577336,0.22222222222222224,-1.941152837621779,1.6403565193742373,-0.12038585308576924
CORRIDOR_SHIFT+3_038,SHIFT+3,r4,-0.4189875250491067,0.4166666666666667,-1.941152837621779,1.6403565193742373,-0.12038585308576924
CORRIDOR_SHIFT+3_038,SHIFT+3,shuffled,-0.4814875250491067,0.0,-1.941152837621779,1.6403565193742373,-0.12038585308576924
CORRIDOR_SHIFT+3_039,SHIFT+3,fixed,-0.4814875250491067,0.0,-1.941152837621779,1.6403565193742373,-0.12038585308576924
CORRIDOR_SHIFT+3_039,SHIFT+3,r1,-0.45648752504910667,0.16666666666666666,-1.941152837621779,1.6403565193742373,-0.12038585308576924
CORRIDOR_SHIFT+3_039,SHIFT+3,r2,-0.45648752504910667,0.16666666666666666,-1.941152837621779,1.6403565193742373,-0.12038585308576924
CORRIDOR_SHIFT+3_039,SHIFT+3,r3,-0.44815419171577336,0.22222222222222224,-1.941152837621779,1.6403565193742373,-0.12038585308576924
CORRIDOR_SHIFT+3_039,SHIFT+3,r4,-0.4189875250491067,0.4166666666666667,-1.941152837621779,1.6403565193742373,-0.12038585308576924
CORRIDOR_SHIFT+3_039,SHIFT+3,shuffled,-0.4814875250491067,0.0,-1.941152837621779,1.6403565193742373,-0.12038585308576924
CORRIDOR_EAST_SHIFT-2_040,EAST,fixed,-0.06164703015130012,0.6666666666666666,-1.6752989429629517,2.4411814885795744,-0.12038585308576924
CORRIDOR_EAST_SHIFT-2_040,EAST,r1,-0.06164703015130012,0.6666666666666666,-1.6752989429629517,2.4411814885795744,-0.12038585308576924
CORRIDOR_EAST_SHIFT-2_040,EAST,r2,-0.06164703015130012,0.6666666666666666,-1.6752989429629517,2.4411814885795744,-0.12038585308576924
CORRIDOR_EAST_SHIFT-2_040,EAST,r3,-0.0449803634846334,0.7777777777777778,-1.6752989429629517,2.4411814885795744,-0.12038585308576924
CORRIDOR_EAST_SHIFT-2_040,EAST,r4,-0.036647030151300095,0.8333333333333334,-1.6752989429629517,2.4411814885795744,-0.12038585308576924
CORRIDOR_EAST_SHIFT-2_040,EAST,shuffled,-0.1616470301513001,0.0,-1.6752989429629517,2.4411814885795744,-0.12038585308576924
CORRIDOR_EAST_SHIFT-2_041,EAST,fixed,-0.06164703015130012,0.6666666666666666,-1.6752989429629517,2.4411814885795744,-0.12038585308576924
CORRIDOR_EAST_SHIFT-2_041,EAST,r1,-0.06164703015130012,0.6666666666666666,-1.6752989429629517,2.4411814885795744,-0.12038585308576924
CORRIDOR_EAST_SHIFT-2_041,EAST,r2,-0.06164703015130012,0.6666666666666666,-1.6752989429629517,2.4411814885795744,-0.12038585308576924
CORRIDOR_EAST_SHIFT-2_041,EAST,r3,-0.0449803634846334,0.7777777777777778,-1.6752989429629517,2.4411814885795744,-0.12038585308576924
CORRIDOR_EAST_SHIFT-2_041,EAST,r4,-0.036647030151300095,0.8333333333333334,-1.6752989429629517,2.4411814885795744,-0.12038585308576924
CORRIDOR_EAST_SHIFT-2_041,EAST,shuffled,-0.1616470301513001,0.0,-1.6752989429629517,2.4411814885795744,-0.12038585308576924
CORRIDOR_EAST_SHIFT-2_042,EAST,fixed,-0.06164703015130012,0.6666666666666666,-1.6752989429629517,2.4411814885795744,-0.12038585308576924
CORRIDOR_EAST_SHIFT-2_042,EAST,r1,-0.06164703015130012,0.6666666666666666,-1.6752989429629517,2.4411814885795744,-0.12038585308576924
CORRIDOR_EAST_SHIFT-2_042,EAST,r2,-0.06164703015130012,0.6666666666666666,-1.6752989429629517,2.4411814885795744,-0.12038585308576924
CORRIDOR_EAST_SHIFT-2_042,EAST,r3,-0.0449803634846334,0.7777777777777778,-1.6752989429629517,2.4411814885795744,-0.12038585308576924
CORRIDOR_EAST_SHIFT-2_042,EAST,r4,-0.036647030151300095,0.8333333333333334,-1.6752989429629517,2.4411814885795744,-0.12038585308576924
CORRIDOR_EAST_SHIFT-2_042,EAST,shuffled,-0.1616470301513001,0.0,-1.6752989429629517,2.4411814885795744,-0.12038585308576924
CORRIDOR_EAST_SHIFT-1_043,EAST,fixed,-0.06164703015130012,0.6666666666666666,-1.6752989429629517,2.4411814885795744,-0.12038585308576924
CORRIDOR_EAST_SHIFT-1_043,EAST,r1,-0.036647030151300095,0.8333333333333334,-1.6752989429629517,2.4411814885795744,-0.12038585308576924
CORRIDOR_EAST_SHIFT-1_043,EAST,r2,-0.036647030151300095,0.8333333333333334,-1.6752989429629517,2.4411814885795744,-0.12038585308576924
CORRIDOR_EAST_SHIFT-1_043,EAST,r3,-0.02831369681796679,0.888888888888889,-1.6752989429629517,2.4411814885795744,-0.12038585308576924
CORRIDOR_EAST_SHIFT-1_043,EAST,r4,-0.02414703015130014,0.9166666666666666,-1.6752989429629517,2.4411814885795744,-0.12038585308576924
CORRIDOR_EAST_SHIFT-1_043,EAST,shuffled,-0.1616470301513001,0.0,-1.6752989429629517,2.4411814885795744,-0.12038585308576924
CORRIDOR_EAST_SHIFT-1_044,EAST,fixed,-0.06164703015130012,0.6666666666666666,-1.6752989429629517,2.4411814885795744,-0.12038585308576924
CORRIDOR_EAST_SHIFT-1_044,EAST,r1,-0.036647030151300095,0.8333333333333334,-1.6752989429629517,2.4411814885795744,-0.12038585308576924
CORRIDOR_EAST_SHIFT-1_044,EAST,r2,-0.036647030151300095,0.8333333333333334,-1.6752989429629517,2.4411814885795744,-0.12038585308576924
CORRIDOR_EAST_SHIFT-1_044,EAST,r3,-0.02831369681796679,0.888888888888889,-1.6752989429629517,2.4411814885795744,-0.12038585308576924
CORRIDOR_EAST_SHIFT-1_044,EAST,r4,-0.02414703015130014,0.9166666666666666,-1.6752989429629517,2.4411814885795744,-0.12038585308576924
CORRIDOR_EAST_SHIFT-1_044,EAST,shuffled,-0.1616470301513001,0.0,-1.6752989429629517,2.4411814885795744,-0.12038585308576924
CORRIDOR_EAST_SHIFT-1_045,EAST,fixed,-0.06164703015130012,0.6666666666666666,-1.6752989429629517,2.4411814885795744,-0.12038585308576924
CORRIDOR_EAST_SHIFT-1_045,EAST,r1,-0.036647030151300095,0.8333333333333334,-1.6752989429629517,2.4411814885795744,-0.12038585308576924
CORRIDOR_EAST_SHIFT-1_045,EAST,r2,-0.036647030151300095,0.8333333333333334,-1.6752989429629517,2.4411814885795744,-0.12038585308576924
CORRIDOR_EAST_SHIFT-1_045,EAST,r3,-0.02831369681796679,0.888888888888889,-1.6752989429629517,2.4411814885795744,-0.12038585308576924
CORRIDOR_EAST_SHIFT-1_045,EAST,r4,-0.02414703015130014,0.9166666666666666,-1.6752989429629517,2.4411814885795744,-0.12038585308576924
CORRIDOR_EAST_SHIFT-1_045,EAST,shuffled,-0.1616470301513001,0.0,-1.6752989429629517,2.4411814885795744,-0.12038585308576924
CORRIDOR_EAST_SHIFT+1_046,EAST,fixed,-0.12980234667941393,0.6666666666666666,-1.6752989429629517,2.168560222467119,-0.12038585308576924
CORRIDOR_EAST_SHIFT+1_046,EAST,r1,-0.1198023466794139,0.7333333333333334,-1.6752989429629517,2.168560222467119,-0.12038585308576924
CORRIDOR_EAST_SHIFT+1_046,EAST,r2,-0.12980234667941393,0.6666666666666666,-1.6752989429629517,2.168560222467119,-0.12038585308576924
CORRIDOR_EAST_SHIFT+1_046,EAST,r3,-0.12980234667941393,0.6666666666666666,-1.6752989429629517,2.168560222467119,-0.12038585308576924
CORRIDOR_EAST_SHIFT+1_046,EAST,r4,-0.12980234667941393,0.6666666666666666,-1.6752989429629517,2.168560222467119,-0.12038585308576924
CORRIDOR_EAST_SHIFT+1_046,EAST,shuffled,-0.2298023466794139,0.0,-1.6752989429629517,2.168560222467119,-0.12038585308576924
CORRIDOR_EAST_SHIFT+1_047,EAST,fixed,-0.12980234667941393,0.6666666666666666,-1.6752989429629517,2.168560222467119,-0.12038585308576924
CORRIDOR_EAST_SHIFT+1_047,EAST,r1,-0.1198023466794139,0.7333333333333334,-1.6752989429629517,2.168560222467119,-0.12038585308576924
CORRIDOR_EAST_SHIFT+1_047,EAST,r2,-0.12980234667941393,0.6666666666666666,-1.6752989429629517,2.168560222467119,-0.12038585308576924
CORRIDOR_EAST_SHIFT+1_047,EAST,r3,-0.12980234667941393,0.6666666666666666,-1.6752989429629517,2.168560222467119,-0.12038585308576924
CORRIDOR_EAST_SHIFT+1_047,EAST,r4,-0.12980234667941393,0.6666666666666666,-1.6752989429629517,2.168560222467119,-0.12038585308576924
CORRIDOR_EAST_SHIFT+1_047,EAST,shuffled,-0.2298023466794139,0.0,-1.6752989429629517,2.168560222467119,-0.12038585308576924
CORRIDOR_EAST_SHIFT+1_048,EAST,fixed,-0.12980234667941393,0.6666666666666666,-1.6752989429629517,2.168560222467119,-0.12038585308576924
CORRIDOR_EAST_SHIFT+1_048,EAST,r1,-0.1198023466794139,0.7333333333333334,-1.6752989429629517,2.168560222467119,-0.12038585308576924
CORRIDOR_EAST_SHIFT+1_048,EAST,r2,-0.12980234667941393,0.6666666666666666,-1.6752989429629517,2.168560222467119,-0.12038585308576924
CORRIDOR_EAST_SHIFT+1_048,EAST,r3,-0.12980234667941393,0.6666666666666666,-1.6752989429629517,2.168560222467119,-0.12038585308576924
CORRIDOR_EAST_SHIFT+1_048,EAST,r4,-0.12980234667941393,0.6666666666666666,-1.6752989429629517,2.168560222467119,-0.12038585308576924
CORRIDOR_EAST_SHIFT+1_048,EAST,shuffled,-0.2298023466794139,0.0,-1.6752989429629517,2.168560222467119,-0.12038585308576924
CORRIDOR_EAST_SHIFT+2_049,EAST,fixed,-0.07832341061105545,0.6666666666666666,-1.4094450483041243,1.8959389563546638,-0.12038585308576924
CORRIDOR_EAST_SHIFT+2_049,EAST,r1,-0.07832341061105545,0.6666666666666666,-1.4094450483041243,1.8959389563546638,-0.12038585308576924
CORRIDOR_EAST_SHIFT+2_049,EAST,r2,-0.07832341061105545,0.6666666666666666,-1.4094450483041243,1.8959389563546638,-0.12038585308576924
CORRIDOR_EAST_SHIFT+2_049,EAST,r3,-0.07832341061105545,0.6666666666666666,-1.4094450483041243,1.8959389563546638,-0.12038585308576924
CORRIDOR_EAST_SHIFT+2_049,EAST,r4,-0.07832341061105545,0.6666666666666666,-1.4094450483041243,1.8959389563546638,-0.12038585308576924
CORRIDOR_EAST_SHIFT+2_049,EAST,shuffled,-0.17832341061105544,0.0,-1.4094450483041243,1.8959389563546638,-0.12038585308576924
CORRIDOR_EAST_SHIFT+2_050,EAST,fixed,-0.07832341061105545,0.6666666666666666,-1.4094450483041243,1.8959389563546638,-0.12038585308576924
CORRIDOR_EAST_SHIFT+2_050,EAST,r1,-0.07832341061105545,0.6666666666666666,-1.4094450483041243,1.8959389563546638,-0.12038585308576924
CORRIDOR_EAST_SHIFT+2_050,EAST,r2,-0.07832341061105545,0.6666666666666666,-1.4094450483041243,1.8959389563546638,-0.12038585308576924
CORRIDOR_EAST_SHIFT+2_050,EAST,r3,-0.07832341061105545,0.6666666666666666,-1.4094450483041243,1.8959389563546638,-0.12038585308576924
CORRIDOR_EAST_SHIFT+2_050,EAST,r4,-0.07832341061105545,0.6666666666666666,-1.4094450483041243,1.8959389563546638,-0.12038585308576924
CORRIDOR_EAST_SHIFT+2_050,EAST,shuffled,-0.17832341061105544,0.0,-1.4094450483041243,1.8959389563546638,-0.12038585308576924
CORRIDOR_EAST_SHIFT+2_051,EAST,fixed,-0.07832341061105545,0.6666666666666666,-1.4094450483041243,1.8959389563546638,-0.12038585308576924
CORRIDOR_EAST_SHIFT+2_051,EAST,r1,-0.07832341061105545,0.6666666666666666,-1.4094450483041243,1.8959389563546638,-0.12038585308576924
CORRIDOR_EAST_SHIFT+2_051,EAST,r2,-0.07832341061105545,0.6666666666666666,-1.4094450483041243,1.8959389563546638,-0.12038585308576924
CORRIDOR_EAST_SHIFT+2_051,EAST,r3,-0.07832341061105545,0.6666666666666666,-1.4094450483041243,1.8959389563546638,-0.12038585308576924
CORRIDOR_EAST_SHIFT+2_051,EAST,r4,-0.07832341061105545,0.6666666666666666,-1.4094450483041243,1.8959389563546638,-0.12038585308576924
CORRIDOR_EAST_SHIFT+2_051,EAST,shuffled,-0.17832341061105544,0.0,-1.4094450483041243,1.8959389563546638,-0.12038585308576924
CORRIDOR_NORTHEAST_SHIFT-2_052,NORTHEAST,fixed,-0.3800085889807482,0.3333333333333333,-1.6752989429629517,1.367735253261782,-0.12038585308576924
CORRIDOR_NORTHEAST_SHIFT-2_052,NORTHEAST,r1,-0.3800085889807482,0.3333333333333333,-1.6752989429629517,1.367735253261782,-0.12038585308576924
CORRIDOR_NORTHEAST_SHIFT-2_052,NORTHEAST,r2,-0.3800085889807482,0.3333333333333333,-1.6752989429629517,1.367735253261782,-0.12038585308576924
CORRIDOR_NORTHEAST_SHIFT-2_052,NORTHEAST,r3,-0.3633419223140816,0.4444444444444445,-1.6752989429629517,1.367735253261782,-0.12038585308576924
CORRIDOR_NORTHEAST_SHIFT-2_052,NORTHEAST,r4,-0.3550085889807483,0.5,-1.6752989429629517,1.367735253261782,-0.12038585308576924
CORRIDOR_NORTHEAST_SHIFT-2_052,NORTHEAST,shuffled,-0.43000858898074823,0.0,-1.6752989429629517,1.367735253261782,-0.12038585308576924
CORRIDOR_NORTHEAST_SHIFT-2_053,NORTHEAST,fixed,-0.3800085889807482,0.3333333333333333,-1.6752989429629517,1.367735253261782,-0.12038585308576924
CORRIDOR_NORTHEAST_SHIFT-2_053,NORTHEAST,r1,-0.3800085889807482,0.3333333333333333,-1.6752989429629517,1.367735253261782,-0.12038585308576924
CORRIDOR_NORTHEAST_SHIFT-2_053,NORTHEAST,r2,-0.3800085889807482,0.3333333333333333,-1.6752989429629517,1.367735253261782,-0.12038585308576924
CORRIDOR_NORTHEAST_SHIFT-2_053,NORTHEAST,r3,-0.3633419223140816,0.4444444444444445,-1.6752989429629517,1.367735253261782,-0.12038585308576924
CORRIDOR_NORTHEAST_SHIFT-2_053,NORTHEAST,r4,-0.3550085889807483,0.5,-1.6752989429629517,1.367735253261782,-0.12038585308576924
CORRIDOR_NORTHEAST_SHIFT-2_053,NORTHEAST,shuffled,-0.43000858898074823,0.0,-1.6752989429629517,1.367735253261782,-0.12038585308576924
CORRIDOR_NORTHEAST_SHIFT-2_054,NORTHEAST,fixed,-0.3800085889807482,0.3333333333333333,-1.6752989429629517,1.367735253261782,-0.12038585308576924
CORRIDOR_NORTHEAST_SHIFT-2_054,NORTHEAST,r1,-0.3800085889807482,0.3333333333333333,-1.6752989429629517,1.367735253261782,-0.12038585308576924
CORRIDOR_NORTHEAST_SHIFT-2_054,NORTHEAST,r2,-0.3800085889807482,0.3333333333333333,-1.6752989429629517,1.367735253261782,-0.12038585308576924
CORRIDOR_NORTHEAST_SHIFT-2_054,NORTHEAST,r3,-0.3633419223140816,0.4444444444444445,-1.6752989429629517,1.367735253261782,-0.12038585308576924
CORRIDOR_NORTHEAST_SHIFT-2_054,NORTHEAST,r4,-0.3550085889807483,0.5,-1.6752989429629517,1.367735253261782,-0.12038585308576924
CORRIDOR_NORTHEAST_SHIFT-2_054,NORTHEAST,shuffled,-0.43000858898074823,0.0,-1.6752989429629517,1.367735253261782,-0.12038585308576924
CORRIDOR_NORTHEAST_SHIFT-1_055,NORTHEAST,fixed,-0.43148752504910665,0.3333333333333333,-1.941152837621779,1.6403565193742373,-0.12038585308576924
CORRIDOR_NORTHEAST_SHIFT-1_055,NORTHEAST,r1,-0.3714875250491067,0.7333333333333334,-1.941152837621779,1.6403565193742373,-0.12038585308576924
CORRIDOR_NORTHEAST_SHIFT-1_055,NORTHEAST,r2,-0.40648752504910673,0.5,-1.941152837621779,1.6403565193742373,-0.12038585308576924
CORRIDOR_NORTHEAST_SHIFT-1_055,NORTHEAST,r3,-0.3981541917157733,0.5555555555555556,-1.941152837621779,1.6403565193742373,-0.12038585308576924
CORRIDOR_NORTHEAST_SHIFT-1_055,NORTHEAST,r4,-0.39398752504910667,0.5833333333333334,-1.941152837621779,1.6403565193742373,-0.12038585308576924
CORRIDOR_NORTHEAST_SHIFT-1_055,NORTHEAST,shuffled,-0.4814875250491067,0.0,-1.941152837621779,1.6403565193742373,-0.12038585308576924
CORRIDOR_NORTHEAST_SHIFT-1_056,NORTHEAST,fixed,-0.43148752504910665,0.3333333333333333,-1.941152837621779,1.6403565193742373,-0.12038585308576924
CORRIDOR_NORTHEAST_SHIFT-1_056,NORTHEAST,r1,-0.3714875250491067,0.7333333333333334,-1.941152837621779,1.6403565193742373,-0.12038585308576924
CORRIDOR_NORTHEAST_SHIFT-1_056,NORTHEAST,r2,-0.40648752504910673,0.5,-1.941152837621779,1.6403565193742373,-0.12038585308576924
CORRIDOR_NORTHEAST_SHIFT-1_056,NORTHEAST,r3,-0.3981541917157733,0.5555555555555556,-1.941152837621779,1.6403565193742373,-0.12038585308576924
CORRIDOR_NORTHEAST_SHIFT-1_056,NORTHEAST,r4,-0.39398752504910667,0.5833333333333334,-1.941152837621779,1.6403565193742373,-0.12038585308576924
CORRIDOR_NORTHEAST_SHIFT-1_056,NORTHEAST,shuffled,-0.4814875250491067,0.0,-1.941152837621779,1.6403565193742373,-0.12038585308576924
CORRIDOR_NORTHEAST_SHIFT-1_057,NORTHEAST,fixed,-0.43148752504910665,0.3333333333333333,-1.941152837621779,1.6403565193742373,-0.12038585308576924
CORRIDOR_NORTHEAST_SHIFT-1_057,NORTHEAST,r1,-0.3714875250491067,0.7333333333333334,-1.941152837621779,1.6403565193742373,-0.12038585308576924
CORRIDOR_NORTHEAST_SHIFT-1_057,NORTHEAST,r2,-0.40648752504910673,0.5,-1.941152837621779,1.6403565193742373,-0.12038585308576924
CORRIDOR_NORTHEAST_SHIFT-1_057,NORTHEAST,r3,-0.3981541917157733,0.5555555555555556,-1.941152837621779,1.6403565193742373,-0.12038585308576924
CORRIDOR_NORTHEAST_SHIFT-1_057,NORTHEAST,r4,-0.39398752504910667,0.5833333333333334,-1.941152837621779,1.6403565193742373,-0.12038585308576924
CORRIDOR_NORTHEAST_SHIFT-1_057,NORTHEAST,shuffled,-0.4814875250491067,0.0,-1.941152837621779,1.6403565193742373,-0.12038585308576924
CORRIDOR_NORTHEAST_SHIFT+1_058,NORTHEAST,fixed,-0.7403902828385233,0.6666666666666666,-2.738714521598261,1.6403565193742373,-0.12038585308576924
CORRIDOR_NORTHEAST_SHIFT+1_058,NORTHEAST,r1,-0.7153902828385234,0.8333333333333334,-2.738714521598261,1.6403565193742373,-0.12038585308576924
CORRIDOR_NORTHEAST_SHIFT+1_058,NORTHEAST,r2,-0.7153902828385234,0.8333333333333334,-2.738714521598261,1.6403565193742373,-0.12038585308576924
CORRIDOR_NORTHEAST_SHIFT+1_058,NORTHEAST,r3,-0.70705694950519,0.888888888888889,-2.738714521598261,1.6403565193742373,-0.12038585308576924
CORRIDOR_NORTHEAST_SHIFT+1_058,NORTHEAST,r4,-0.7028902828385234,0.9166666666666666,-2.738714521598261,1.6403565193742373,-0.12038585308576924
CORRIDOR_NORTHEAST_SHIFT+1_058,NORTHEAST,shuffled,-0.8403902828385234,0.0,-2.738714521598261,1.6403565193742373,-0.12038585308576924
CORRIDOR_NORTHEAST_SHIFT+1_059,NORTHEAST,fixed,-0.7403902828385233,0.6666666666666666,-2.738714521598261,1.6403565193742373,-0.12038585308576924
CORRIDOR_NORTHEAST_SHIFT+1_059,NORTHEAST,r1,-0.7153902828385234,0.8333333333333334,-2.738714521598261,1.6403565193742373,-0.12038585308576924
CORRIDOR_NORTHEAST_SHIFT+1_059,NORTHEAST,r2,-0.7153902828385234,0.8333333333333334,-2.738714521598261,1.6403565193742373,-0.12038585308576924
CORRIDOR_NORTHEAST_SHIFT+1_059,NORTHEAST,r3,-0.70705694950519,0.888888888888889,-2.738714521598261,1.6403565193742373,-0.12038585308576924
CORRIDOR_NORTHEAST_SHIFT+1_059,NORTHEAST,r4,-0.7028902828385234,0.9166666666666666,-2.738714521598261,1.6403565193742373,-0.12038585308576924
CORRIDOR_NORTHEAST_SHIFT+1_059,NORTHEAST,shuffled,-0.8403902828385234,0.0,-2.738714521598261,1.6403565193742373,-0.12038585308576924
CORRIDOR_NORTHEAST_SHIFT+1_060,NORTHEAST,fixed,-0.7403902828385233,0.6666666666666666,-2.738714521598261,1.6403565193742373,-0.12038585308576924
CORRIDOR_NORTHEAST_SHIFT+1_060,NORTHEAST,r1,-0.7153902828385234,0.8333333333333334,-2.738714521598261,1.6403565193742373,-0.12038585308576924
CORRIDOR_NORTHEAST_SHIFT+1_060,NORTHEAST,r2,-0.7153902828385234,0.8333333333333334,-2.738714521598261,1.6403565193742373,-0.12038585308576924
CORRIDOR_NORTHEAST_SHIFT+1_060,NORTHEAST,r3,-0.70705694950519,0.888888888888889,-2.738714521598261,1.6403565193742373,-0.12038585308576924
CORRIDOR_NORTHEAST_SHIFT+1_060,NORTHEAST,r4,-0.7028902828385234,0.9166666666666666,-2.738714521598261,1.6403565193742373,-0.12038585308576924
CORRIDOR_NORTHEAST_SHIFT+1_060,NORTHEAST,shuffled,-0.8403902828385234,0.0,-2.738714521598261,1.6403565193742373,-0.12038585308576924
CORRIDOR_NORTHEAST_SHIFT+2_061,NORTHEAST,fixed,-0.8600245354349957,0.6666666666666666,-3.0045684162570883,1.6403565193742373,-0.12038585308576924
CORRIDOR_NORTHEAST_SHIFT+2_061,NORTHEAST,r1,-0.8600245354349957,0.6666666666666666,-3.0045684162570883,1.6403565193742373,-0.12038585308576924
CORRIDOR_NORTHEAST_SHIFT+2_061,NORTHEAST,r2,-0.8600245354349957,0.6666666666666666,-3.0045684162570883,1.6403565193742373,-0.12038585308576924
CORRIDOR_NORTHEAST_SHIFT+2_061,NORTHEAST,r3,-0.8433578687683291,0.7777777777777778,-3.0045684162570883,1.6403565193742373,-0.12038585308576924
CORRIDOR_NORTHEAST_SHIFT+2_061,NORTHEAST,r4,-0.8350245354349958,0.8333333333333334,-3.0045684162570883,1.6403565193742373,-0.12038585308576924
CORRIDOR_NORTHEAST_SHIFT+2_061,NORTHEAST,shuffled,-0.9600245354349958,0.0,-3.0045684162570883,1.6403565193742373,-0.12038585308576924
CORRIDOR_NORTHEAST_SHIFT+2_062,NORTHEAST,fixed,-0.8600245354349957,0.6666666666666666,-3.0045684162570883,1.6403565193742373,-0.12038585308576924
CORRIDOR_NORTHEAST_SHIFT+2_062,NORTHEAST,r1,-0.8600245354349957,0.6666666666666666,-3.0045684162570883,1.6403565193742373,-0.12038585308576924
CORRIDOR_NORTHEAST_SHIFT+2_062,NORTHEAST,r2,-0.8600245354349957,0.6666666666666666,-3.0045684162570883,1.6403565193742373,-0.12038585308576924
CORRIDOR_NORTHEAST_SHIFT+2_062,NORTHEAST,r3,-0.8433578687683291,0.7777777777777778,-3.0045684162570883,1.6403565193742373,-0.12038585308576924
CORRIDOR_NORTHEAST_SHIFT+2_062,NORTHEAST,r4,-0.8350245354349958,0.8333333333333334,-3.0045684162570883,1.6403565193742373,-0.12038585308576924
CORRIDOR_NORTHEAST_SHIFT+2_062,NORTHEAST,shuffled,-0.9600245354349958,0.0,-3.0045684162570883,1.6403565193742373,-0.12038585308576924
CORRIDOR_NORTHEAST_SHIFT+2_063,NORTHEAST,fixed,-0.8600245354349957,0.6666666666666666,-3.0045684162570883,1.6403565193742373,-0.12038585308576924
CORRIDOR_NORTHEAST_SHIFT+2_063,NORTHEAST,r1,-0.8600245354349957,0.6666666666666666,-3.0045684162570883,1.6403565193742373,-0.12038585308576924
CORRIDOR_NORTHEAST_SHIFT+2_063,NORTHEAST,r2,-0.8600245354349957,0.6666666666666666,-3.0045684162570883,1.6403565193742373,-0.12038585308576924
CORRIDOR_NORTHEAST_SHIFT+2_063,NORTHEAST,r3,-0.8433578687683291,0.7777777777777778,-3.0045684162570883,1.6403565193742373,-0.12038585308576924
CORRIDOR_NORTHEAST_SHIFT+2_063,NORTHEAST,r4,-0.8350245354349958,0.8333333333333334,-3.0045684162570883,1.6403565193742373,-0.12038585308576924
CORRIDOR_NORTHEAST_SHIFT+2_063,NORTHEAST,shuffled,-0.9600245354349958,0.0,-3.0045684162570883,1.6403565193742373,-0.12038585308576924
CORRIDOR_BERLINCLOCK_SHIFT-2_064,BERLINCLOCK,fixed,-0.12980234667941393,0.6666666666666666,-1.6752989429629517,2.168560222467119,-0.12038585308576924
CORRIDOR_BERLINCLOCK_SHIFT-2_064,BERLINCLOCK,r1,-0.12980234667941393,0.6666666666666666,-1.6752989429629517,2.168560222467119,-0.12038585308576924
CORRIDOR_BERLINCLOCK_SHIFT-2_064,BERLINCLOCK,r2,-0.12980234667941393,0.6666666666666666,-1.6752989429629517,2.168560222467119,-0.12038585308576924
CORRIDOR_BERLINCLOCK_SHIFT-2_064,BERLINCLOCK,r3,-0.1131356800127472,0.7777777777777778,-1.6752989429629517,2.168560222467119,-0.12038585308576924
CORRIDOR_BERLINCLOCK_SHIFT-2_064,BERLINCLOCK,r4,-0.10480234667941389,0.8333333333333334,-1.6752989429629517,2.168560222467119,-0.12038585308576924
CORRIDOR_BERLINCLOCK_SHIFT-2_064,BERLINCLOCK,shuffled,-0.2298023466794139,0.0,-1.6752989429629517,2.168560222467119,-0.12038585308576924
CORRIDOR_BERLINCLOCK_SHIFT-2_065,BERLINCLOCK,fixed,-0.12980234667941393,0.6666666666666666,-1.6752989429629517,2.168560222467119,-0.12038585308576924
CORRIDOR_BERLINCLOCK_SHIFT-2_065,BERLINCLOCK,r1,-0.12980234667941393,0.6666666666666666,-1.6752989429629517,2.168560222467119,-0.12038585308576924
CORRIDOR_BERLINCLOCK_SHIFT-2_065,BERLINCLOCK,r2,-0.12980234667941393,0.6666666666666666,-1.6752989429629517,2.168560222467119,-0.12038585308576924
CORRIDOR_BERLINCLOCK_SHIFT-2_065,BERLINCLOCK,r3,-0.1131356800127472,0.7777777777777778,-1.6752989429629517,2.168560222467119,-0.12038585308576924
CORRIDOR_BERLINCLOCK_SHIFT-2_065,BERLINCLOCK,r4,-0.10480234667941389,0.8333333333333334,-1.6752989429629517,2.168560222467119,-0.12038585308576924
CORRIDOR_BERLINCLOCK_SHIFT-2_065,BERLINCLOCK,shuffled,-0.2298023466794139,0.0,-1.6752989429629517,2.168560222467119,-0.12038585308576924
CORRIDOR_BERLINCLOCK_SHIFT-2_066,BERLINCLOCK,fixed,-0.12980234667941393,0.6666666666666666,-1.6752989429629517,2.168560222467119,-0.12038585308576924
CORRIDOR_BERLINCLOCK_SHIFT-2_066,BERLINCLOCK,r1,-0.12980234667941393,0.6666666666666666,-1.6752989429629517,2.168560222467119,-0.12038585308576924
CORRIDOR_BERLINCLOCK_SHIFT-2_066,BERLINCLOCK,r2,-0.12980234667941393,0.6666666666666666,-1.6752989429629517,2.168560222467119,-0.12038585308576924
CORRIDOR_BERLINCLOCK_SHIFT-2_066,BERLINCLOCK,r3,-0.1131356800127472,0.7777777777777778,-1.6752989429629517,2.168560222467119,-0.12038585308576924
CORRIDOR_BERLINCLOCK_SHIFT-2_066,BERLINCLOCK,r4,-0.10480234667941389,0.8333333333333334,-1.6752989429629517,2.168560222467119,-0.12038585308576924
CORRIDOR_BERLINCLOCK_SHIFT-2_066,BERLINCLOCK,shuffled,-0.2298023466794139,0.0,-1.6752989429629517,2.168560222467119,-0.12038585308576924
CORRIDOR_BERLINCLOCK_SHIFT-1_067,BERLINCLOCK,fixed,-0.12980234667941393,0.6666666666666666,-1.6752989429629517,2.168560222467119,-0.12038585308576924
CORRIDOR_BERLINCLOCK_SHIFT-1_067,BERLINCLOCK,r1,-0.10480234667941389,0.8333333333333334,-1.6752989429629517,2.168560222467119,-0.12038585308576924
CORRIDOR_BERLINCLOCK_SHIFT-1_067,BERLINCLOCK,r2,-0.10480234667941389,0.8333333333333334,-1.6752989429629517,2.168560222467119,-0.12038585308576924
CORRIDOR_BERLINCLOCK_SHIFT-1_067,BERLINCLOCK,r3,-0.09646901334608059,0.888888888888889,-1.6752989429629517,2.168560222467119,-0.12038585308576924
CORRIDOR_BERLINCLOCK_SHIFT-1_067,BERLINCLOCK,r4,-0.09230234667941394,0.9166666666666666,-1.6752989429629517,2.168560222467119,-0.12038585308576924
CORRIDOR_BERLINCLOCK_SHIFT-1_067,BERLINCLOCK,shuffled,-0.2298023466794139,0.0,-1.6752989429629517,2.168560222467119,-0.12038585308576924
CORRIDOR_BERLINCLOCK_SHIFT-1_068,BERLINCLOCK,fixed,-0.12980234667941393,0.6666666666666666,-1.6752989429629517,2.168560222467119,-0.12038585308576924
CORRIDOR_BERLINCLOCK_SHIFT-1_068,BERLINCLOCK,r1,-0.10480234667941389,0.8333333333333334,-1.6752989429629517,2.168560222467119,-0.12038585308576924
CORRIDOR_BERLINCLOCK_SHIFT-1_068,BERLINCLOCK,r2,-0.10480234667941389,0.8333333333333334,-1.6752989429629517,2.168560222467119,-0.12038585308576924
CORRIDOR_BERLINCLOCK_SHIFT-1_068,BERLINCLOCK,r3,-0.09646901334608059,0.888888888888889,-1.6752989429629517,2.168560222467119,-0.12038585308576924
CORRIDOR_BERLINCLOCK_SHIFT-1_068,BERLINCLOCK,r4,-0.09230234667941394,0.9166666666666666,-1.6752989429629517,2.168560222467119,-0.12038585308576924
CORRIDOR_BERLINCLOCK_SHIFT-1_068,BERLINCLOCK,shuffled,-0.2298023466794139,0.0,-1.6752989429629517,2.168560222467119,-0.12038585308576924
CORRIDOR_BERLINCLOCK_SHIFT-1_069,BERLINCLOCK,fixed,-0.12980234667941393,0.6666666666666666,-1.6752989429629517,2.168560222467119,-0.12038585308576924
CORRIDOR_BERLINCLOCK_SHIFT-1_069,BERLINCLOCK,r1,-0.10480234667941389,0.8333333333333334,-1.6752989429629517,2.168560222467119,-0.12038585308576924
CORRIDOR_BERLINCLOCK_SHIFT-1_069,BERLINCLOCK,r2,-0.10480234667941389,0.8333333333333334,-1.6752989429629517,2.168560222467119,-0.12038585308576924
CORRIDOR_BERLINCLOCK_SHIFT-1_069,BERLINCLOCK,r3,-0.09646901334608059,0.888888888888889,-1.6752989429629517,2.168560222467119,-0.12038585308576924
CORRIDOR_BERLINCLOCK_SHIFT-1_069,BERLINCLOCK,r4,-0.09230234667941394,0.9166666666666666,-1.6752989429629517,2.168560222467119,-0.12038585308576924
CORRIDOR_BERLINCLOCK_SHIFT-1_069,BERLINCLOCK,shuffled,-0.2298023466794139,0.0,-1.6752989429629517,2.168560222467119,-0.12038585308576924
CORRIDOR_BERLINCLOCK_SHIFT+1_070,BERLINCLOCK,fixed,-0.12980234667941393,0.6666666666666666,-1.6752989429629517,2.168560222467119,-0.12038585308576924
CORRIDOR_BERLINCLOCK_SHIFT+1_070,BERLINCLOCK,r1,-0.10480234667941389,0.8333333333333334,-1.6752989429629517,2.168560222467119,-0.12038585308576924
CORRIDOR_BERLINCLOCK_SHIFT+1_070,BERLINCLOCK,r2,-0.10480234667941389,0.8333333333333334,-1.6752989429629517,2.168560222467119,-0.12038585308576924
CORRIDOR_BERLINCLOCK_SHIFT+1_070,BERLINCLOCK,r3,-0.09646901334608059,0.888888888888889,-1.6752989429629517,2.168560222467119,-0.12038585308576924
CORRIDOR_BERLINCLOCK_SHIFT+1_070,BERLINCLOCK,r4,-0.09230234667941394,0.9166666666666666,-1.6752989429629517,2.168560222467119,-0.12038585308576924
CORRIDOR_BERLINCLOCK_SHIFT+1_070,BERLINCLOCK,shuffled,-0.2298023466794139,0.0,-1.6752989429629517,2.168560222467119,-0.12038585308576924
CORRIDOR_BERLINCLOCK_SHIFT+1_071,BERLINCLOCK,fixed,-0.12980234667941393,0.6666666666666666,-1.6752989429629517,2.168560222467119,-0.12038585308576924
CORRIDOR_BERLINCLOCK_SHIFT+1_071,BERLINCLOCK,r1,-0.10480234667941389,0.8333333333333334,-1.6752989429629517,2.168560222467119,-0.12038585308576924
CORRIDOR_BERLINCLOCK_SHIFT+1_071,BERLINCLOCK,r2,-0.10480234667941389,0.8333333333333334,-1.6752989429629517,2.168560222467119,-0.12038585308576924
CORRIDOR_BERLINCLOCK_SHIFT+1_071,BERLINCLOCK,r3,-0.09646901334608059,0.888888888888889,-1.6752989429629517,2.168560222467119,-0.12038585308576924
CORRIDOR_BERLINCLOCK_SHIFT+1_071,BERLINCLOCK,r4,-0.09230234667941394,0.9166666666666666,-1.6752989429629517,2.168560222467119,-0.12038585308576924
CORRIDOR_BERLINCLOCK_SHIFT+1_071,BERLINCLOCK,shuffled,-0.2298023466794139,0.0,-1.6752989429629517,2.168560222467119,-0.12038585308576924
CORRIDOR_BERLINCLOCK_SHIFT+1_072,BERLINCLOCK,fixed,-0.12980234667941393,0.6666666666666666,-1.6752989429629517,2.168560222467119,-0.12038585308576924
CORRIDOR_BERLINCLOCK_SHIFT+1_072,BERLINCLOCK,r1,-0.10480234667941389,0.8333333333333334,-1.6752989429629517,2.168560222467119,-0.12038585308576924
CORRIDOR_BERLINCLOCK_SHIFT+1_072,BERLINCLOCK,r2,-0.10480234667941389,0.8333333333333334,-1.6752989429629517,2.168560222467119,-0.12038585308576924
CORRIDOR_BERLINCLOCK_SHIFT+1_072,BERLINCLOCK,r3,-0.09646901334608059,0.888888888888889,-1.6752989429629517,2.168560222467119,-0.12038585308576924
CORRIDOR_BERLINCLOCK_SHIFT+1_072,BERLINCLOCK,r4,-0.09230234667941394,0.9166666666666666,-1.6752989429629517,2.168560222467119,-0.12038585308576924
CORRIDOR_BERLINCLOCK_SHIFT+1_072,BERLINCLOCK,shuffled,-0.2298023466794139,0.0,-1.6752989429629517,2.168560222467119,-0.12038585308576924
CORRIDOR_BERLINCLOCK_SHIFT+2_073,BERLINCLOCK,fixed,-0.12980234667941393,0.6666666666666666,-1.6752989429629517,2.168560222467119,-0.12038585308576924
CORRIDOR_BERLINCLOCK_SHIFT+2_073,BERLINCLOCK,r1,-0.10480234667941389,0.8333333333333334,-1.6752989429629517,2.168560222467119,-0.12038585308576924
CORRIDOR_BERLINCLOCK_SHIFT+2_073,BERLINCLOCK,r2,-0.10480234667941389,0.8333333333333334,-1.6752989429629517,2.168560222467119,-0.12038585308576924
CORRIDOR_BERLINCLOCK_SHIFT+2_073,BERLINCLOCK,r3,-0.09646901334608059,0.888888888888889,-1.6752989429629517,2.168560222467119,-0.12038585308576924
CORRIDOR_BERLINCLOCK_SHIFT+2_073,BERLINCLOCK,r4,-0.09230234667941394,0.9166666666666666,-1.6752989429629517,2.168560222467119,-0.12038585308576924
CORRIDOR_BERLINCLOCK_SHIFT+2_073,BERLINCLOCK,shuffled,-0.2298023466794139,0.0,-1.6752989429629517,2.168560222467119,-0.12038585308576924
CORRIDOR_BERLINCLOCK_SHIFT+2_074,BERLINCLOCK,fixed,-0.12980234667941393,0.6666666666666666,-1.6752989429629517,2.168560222467119,-0.12038585308576924
CORRIDOR_BERLINCLOCK_SHIFT+2_074,BERLINCLOCK,r1,-0.10480234667941389,0.8333333333333334,-1.6752989429629517,2.168560222467119,-0.12038585308576924
CORRIDOR_BERLINCLOCK_SHIFT+2_074,BERLINCLOCK,r2,-0.10480234667941389,0.8333333333333334,-1.6752989429629517,2.168560222467119,-0.12038585308576924
CORRIDOR_BERLINCLOCK_SHIFT+2_074,BERLINCLOCK,r3,-0.09646901334608059,0.888888888888889,-1.6752989429629517,2.168560222467119,-0.12038585308576924
CORRIDOR_BERLINCLOCK_SHIFT+2_074,BERLINCLOCK,r4,-0.09230234667941394,0.9166666666666666,-1.6752989429629517,2.168560222467119,-0.12038585308576924
CORRIDOR_BERLINCLOCK_SHIFT+2_074,BERLINCLOCK,shuffled,-0.2298023466794139,0.0,-1.6752989429629517,2.168560222467119,-0.12038585308576924
CORRIDOR_BERLINCLOCK_SHIFT+2_075,BERLINCLOCK,fixed,-0.12980234667941393,0.6666666666666666,-1.6752989429629517,2.168560222467119,-0.12038585308576924
CORRIDOR_BERLINCLOCK_SHIFT+2_075,BERLINCLOCK,r1,-0.10480234667941389,0.8333333333333334,-1.6752989429629517,2.168560222467119,-0.12038585308576924
CORRIDOR_BERLINCLOCK_SHIFT+2_075,BERLINCLOCK,r2,-0.10480234667941389,0.8333333333333334,-1.6752989429629517,2.168560222467119,-0.12038585308576924
CORRIDOR_BERLINCLOCK_SHIFT+2_075,BERLINCLOCK,r3,-0.09646901334608059,0.888888888888889,-1.6752989429629517,2.168560222467119,-0.12038585308576924
CORRIDOR_BERLINCLOCK_SHIFT+2_075,BERLINCLOCK,r4,-0.09230234667941394,0.9166666666666666,-1.6752989429629517,2.168560222467119,-0.12038585308576924
CORRIDOR_BERLINCLOCK_SHIFT+2_075,BERLINCLOCK,shuffled,-0.2298023466794139,0.0,-1.6752989429629517,2.168560222467119,-0.12038585308576924
CORRIDOR_TYPO1_076,TYPO1,fixed,-0.5496428415772205,0.0,-1.941152837621779,1.367735253261782,-0.12038585308576924
CORRIDOR_TYPO1_076,TYPO1,r1,-0.4796428415772206,0.4666666666666666,-1.941152837621779,1.367735253261782,-0.12038585308576924
CORRIDOR_TYPO1_076,TYPO1,r2,-0.5246428415772205,0.16666666666666666,-1.941152837621779,1.367735253261782,-0.12038585308576924
CORRIDOR_TYPO1_076,TYPO1,r3,-0.5163095082438872,0.22222222222222224,-1.941152837621779,1.367735253261782,-0.12038585308576924
CORRIDOR_TYPO1_076,TYPO1,r4,-0.5121428415772206,0.25,-1.941152837621779,1.367735253261782,-0.12038585308576924
CORRIDOR_TYPO1_076,TYPO1,shuffled,-0.5496428415772205,0.0,-1.941152837621779,1.367735253261782,-0.12038585308576924
CORRIDOR_TYPO1_077,TYPO1,fixed,-0.17980234667941386,0.3333333333333333,-1.6752989429629517,2.168560222467119,-0.12038585308576924
CORRIDOR_TYPO1_077,TYPO1,r1,-0.1098023466794139,0.7999999999999999,-1.6752989429629517,2.168560222467119,-0.12038585308576924
CORRIDOR_TYPO1_077,TYPO1,r2,-0.17980234667941386,0.3333333333333333,-1.6752989429629517,2.168560222467119,-0.12038585308576924
CORRIDOR_TYPO1_077,TYPO1,r3,-0.17980234667941386,0.3333333333333333,-1.6752989429629517,2.168560222467119,-0.12038585308576924
CORRIDOR_TYPO1_077,TYPO1,r4,-0.17980234667941386,0.3333333333333333,-1.6752989429629517,2.168560222467119,-0.12038585308576924
CORRIDOR_TYPO1_077,TYPO1,shuffled,-0.2298023466794139,0.0,-1.6752989429629517,2.168560222467119,-0.12038585308576924
CORRIDOR_TYPO1_078,TYPO1,fixed,-0.619277094173693,0.3333333333333333,-2.207006732280607,1.367735253261782,-0.12038585308576924
CORRIDOR_TYPO1_078,TYPO1,r1,-0.6092770941736931,0.39999999999999997,-2.207006732280607,1.367735253261782,-0.12038585308576924
CORRIDOR_TYPO1_078,TYPO1,r2,-0.619277094173693,0.3333333333333333,-2.207006732280607,1.367735253261782,-0.12038585308576924
CORRIDOR_TYPO1_078,TYPO1,r3,-0.619277094173693,0.3333333333333333,-2.207006732280607,1.367735253261782,-0.12038585308576924
CORRIDOR_TYPO1_078,TYPO1,r4,-0.619277094173693,0.3333333333333333,-2.207006732280607,1.367735253261782,-0.12038585308576924
CORRIDOR_TYPO1_078,TYPO1,shuffled,-0.6692770941736931,0.0,-2.207006732280607,1.367735253261782,-0.12038585308576924
CORRIDOR_TYPO1_079,TYPO1,fixed,-0.8403902828385234,0.0,-2.738714521598261,1.6403565193742373,-0.12038585308576924
CORRIDOR_TYPO1_079,TYPO1,r1,-0.8053902828385234,0.2333333333333333,-2.738714521598261,1.6403565193742373,-0.12038585308576924
CORRIDOR_TYPO1_079,TYPO1,r2,-0.8403902828385234,0.0,-2.738714521598261,1.6403565193742373,-0.12038585308576924
CORRIDOR_TYPO1_079,TYPO1,r3,-0.8403902828385234,0.0,-2.738714521598261,1.6403565193742373,-0.12038585308576924
CORRIDOR_TYPO1_079,TYPO1,r4,-0.8403902828385234,0.0,-2.738714521598261,1.6403565193742373,-0.12038585308576924
CORRIDOR_TYPO1_079,TYPO1,shuffled,-0.8403902828385234,0.0,-2.738714521598261,1.6403565193742373,-0.12038585308576924
CORRIDOR_TYPO1_080,TYPO1,fixed,-0.4814875250491067,0.0,-1.941152837621779,1.6403565193742373,-0.12038585308576924
CORRIDOR_TYPO1_080,TYPO1,r1,-0.3764875250491067,0.6999999999999998,-1.941152837621779,1.6403565193742373,-0.12038585308576924
CORRIDOR_TYPO1_080,TYPO1,r2,-0.4814875250491067,0.0,-1.941152837621779,1.6403565193742373,-0.12038585308576924
CORRIDOR_TYPO1_080,TYPO1,r3,-0.4814875250491067,0.0,-1.941152837621779,1.6403565193742373,-0.12038585308576924
CORRIDOR_TYPO1_080,TYPO1,r4,-0.4814875250491067,0.0,-1.941152837621779,1.6403565193742373,-0.12038585308576924
CORRIDOR_TYPO1_080,TYPO1,shuffled,-0.4814875250491067,0.0,-1.941152837621779,1.6403565193742373,-0.12038585308576924
CORRIDOR_TYPO2_081,TYPO2,fixed,-1.0446750080867284,0.0,-2.6057875742688474,0.5839491131884729,-0.12038585308576924
CORRIDOR_TYPO2_081,TYPO2,r1,-1.0446750080867284,0.0,-2.6057875742688474,0.5839491131884729,-0.12038585308576924
CORRIDOR_TYPO2_081,TYPO2,r2,-1.0446750080867284,0.0,-2.6057875742688474,0.5839491131884729,-0.12038585308576924
CORRIDOR_TYPO2_081,TYPO2,r3,-1.0446750080867284,0.0,-2.6057875742688474,0.5839491131884729,-0.12038585308576924
CORRIDOR_TYPO2_081,TYPO2,r4,-1.0446750080867284,0.0,-2.6057875742688474,0.5839491131884729,-0.12038585308576924
CORRIDOR_TYPO2_081,TYPO2,shuffled,-1.0446750080867284,0.0,-2.6057875742688474,0.5839491131884729,-0.12038585308576924
CORRIDOR_TYPO2_082,TYPO2,fixed,-0.9085455993666373,0.0,-2.738714521598261,1.367735253261782,-0.12038585308576924
CORRIDOR_TYPO2_082,TYPO2,r1,-0.9085455993666373,0.0,-2.738714521598261,1.367735253261782,-0.12038585308576924
CORRIDOR_TYPO2_082,TYPO2,r2,-0.9085455993666373,0.0,-2.738714521598261,1.367735253261782,-0.12038585308576924
CORRIDOR_TYPO2_082,TYPO2,r3,-0.9085455993666373,0.0,-2.738714521598261,1.367735253261782,-0.12038585308576924
CORRIDOR_TYPO2_082,TYPO2,r4,-0.9085455993666373,0.0,-2.738714521598261,1.367735253261782,-0.12038585308576924
CORRIDOR_TYPO2_082,TYPO2,shuffled,-0.9085455993666373,0.0,-2.738714521598261,1.367735253261782,-0.12038585308576924
CORRIDOR_TYPO2_083,TYPO2,fixed,-1.0446750080867284,0.0,-2.6057875742688474,0.5839491131884729,-0.12038585308576924
CORRIDOR_TYPO2_083,TYPO2,r1,-1.0096750080867287,0.2333333333333333,-2.6057875742688474,0.5839491131884729,-0.12038585308576924
CORRIDOR_TYPO2_083,TYPO2,r2,-1.0446750080867284,0.0,-2.6057875742688474,0.5839491131884729,-0.12038585308576924
CORRIDOR_TYPO2_083,TYPO2,r3,-1.0446750080867284,0.0,-2.6057875742688474,0.5839491131884729,-0.12038585308576924
CORRIDOR_TYPO2_083,TYPO2,r4,-1.0446750080867284,0.0,-2.6057875742688474,0.5839491131884729,-0.12038585308576924
CORRIDOR_TYPO2_083,TYPO2,shuffled,-1.0446750080867284,0.0,-2.6057875742688474,0.5839491131884729,-0.12038585308576924
CORRIDOR_TYPO2_084,TYPO2,fixed,-1.0198416617332322,0.0,-3.1374953635865026,1.6403565193742373,-0.12038585308576924
CORRIDOR_TYPO2_084,TYPO2,r1,-0.9848416617332324,0.2333333333333333,-3.1374953635865026,1.6403565193742373,-0.12038585308576924
CORRIDOR_TYPO2_084,TYPO2,r2,-1.0198416617332322,0.0,-3.1374953635865026,1.6403565193742373,-0.12038585308576924
CORRIDOR_TYPO2_084,TYPO2,r3,-1.0198416617332322,0.0,-3.1374953635865026,1.6403565193742373,-0.12038585308576924
CORRIDOR_TYPO2_084,TYPO2,r4,-1.0198416617332322,0.0,-3.1374953635865026,1.6403565193742373,-0.12038585308576924
CORRIDOR_TYPO2_084,TYPO2,shuffled,-1.0198416617332322,0.0,-3.1374953635865026,1.6403565193742373,-0.12038585308576924
CORRIDOR_TYPO2_085,TYPO2,fixed,-0.06276764096145353,0.0,-1.0106642063158833,1.6403565193742373,-0.12038585308576924
CORRIDOR_TYPO2_085,TYPO2,r1,-0.06276764096145353,0.0,-1.0106642063158833,1.6403565193742373,-0.12038585308576924
CORRIDOR_TYPO2_085,TYPO2,r2,-0.06276764096145353,0.0,-1.0106642063158833,1.6403565193742373,-0.12038585308576924
CORRIDOR_TYPO2_085,TYPO2,r3,-0.06276764096145353,0.0,-1.0106642063158833,1.6403565193742373,-0.12038585308576924
CORRIDOR_TYPO2_085,TYPO2,r4,-0.06276764096145353,0.0,-1.0106642063158833,1.6403565193742373,-0.12038585308576924
CORRIDOR_TYPO2_085,TYPO2,shuffled,-0.06276764096145353,0.0,-1.0106642063158833,1.6403565193742373,-0.12038585308576924
CORRIDOR_COMBO_SHIFT-1_TYPO_086,COMBO,fixed,-0.3633322085209928,0.3333333333333333,-1.941152837621779,1.9129777854866927,-0.12038585308576924
CORRIDOR_COMBO_SHIFT-1_TYPO_086,COMBO,r1,-0.31333220852099286,0.6666666666666666,-1.941152837621779,1.9129777854866927,-0.12038585308576924
CORRIDOR_COMBO_SHIFT-1_TYPO_086,COMBO,r2,-0.31333220852099286,0.6666666666666666,-1.941152837621779,1.9129777854866927,-0.12038585308576924
CORRIDOR_COMBO_SHIFT-1_TYPO_086,COMBO,r3,-0.29666554185432614,0.7777777777777778,-1.941152837621779,1.9129777854866927,-0.12038585308576924
CORRIDOR_COMBO_SHIFT-1_TYPO_086,COMBO,r4,-0.28833220852099284,0.8333333333333334,-1.941152837621779,1.9129777854866927,-0.12038585308576924
CORRIDOR_COMBO_SHIFT-1_TYPO_086,COMBO,shuffled,-0.41333220852099284,0.0,-1.941152837621779,1.9129777854866927,-0.12038585308576924
CORRIDOR_COMBO_SHIFT-1_TYPO_087,COMBO,fixed,-0.43148752504910665,0.3333333333333333,-1.941152837621779,1.6403565193742373,-0.12038585308576924
CORRIDOR_COMBO_SHIFT-1_TYPO_087,COMBO,r1,-0.3964875250491067,0.5666666666666667,-1.941152837621779,1.6403565193742373,-0.12038585308576924
CORRIDOR_COMBO_SHIFT-1_TYPO_087,COMBO,r2,-0.40648752504910673,0.5,-1.941152837621779,1.6403565193742373,-0.12038585308576924
CORRIDOR_COMBO_SHIFT-1_TYPO_087,COMBO,r3,-0.3981541917157733,0.5555555555555556,-1.941152837621779,1.6403565193742373,-0.12038585308576924
CORRIDOR_COMBO_SHIFT-1_TYPO_087,COMBO,r4,-0.39398752504910667,0.5833333333333334,-1.941152837621779,1.6403565193742373,-0.12038585308576924
CORRIDOR_COMBO_SHIFT-1_TYPO_087,COMBO,shuffled,-0.4814875250491067,0.0,-1.941152837621779,1.6403565193742373,-0.12038585308576924
CORRIDOR_COMBO_SHIFT-1_TYPO_088,COMBO,fixed,-0.1755426393964068,0.3333333333333333,-1.6752989429629517,2.1855990515991475,-0.12038585308576924
CORRIDOR_COMBO_SHIFT-1_TYPO_088,COMBO,r1,-0.14054263939640688,0.5666666666666667,-1.6752989429629517,2.1855990515991475,-0.12038585308576924
CORRIDOR_COMBO_SHIFT-1_TYPO_088,COMBO,r2,-0.15054263939640689,0.5,-1.6752989429629517,2.1855990515991475,-0.12038585308576924
CORRIDOR_COMBO_SHIFT-1_TYPO_088,COMBO,r3,-0.14220930606307347,0.5555555555555556,-1.6752989429629517,2.1855990515991475,-0.12038585308576924
CORRIDOR_COMBO_SHIFT-1_TYPO_088,COMBO,r4,-0.13804263939640682,0.5833333333333334,-1.6752989429629517,2.1855990515991475,-0.12038585308576924
CORRIDOR_COMBO_SHIFT-1_TYPO_088,COMBO,shuffled,-0.22554263939640684,0.0,-1.6752989429629517,2.1855990515991475,-0.12038585308576924
CORRIDOR_COMBO_SHIFT-1_TYPO_089,COMBO,fixed,-0.43148752504910665,0.3333333333333333,-1.941152837621779,1.6403565193742373,-0.12038585308576924
CORRIDOR_COMBO_SHIFT-1_TYPO_089,COMBO,r1,-0.3964875250491067,0.5666666666666667,-1.941152837621779,1.6403565193742373,-0.12038585308576924
CORRIDOR_COMBO_SHIFT-1_TYPO_089,COMBO,r2,-0.40648752504910673,0.5,-1.941152837621779,1.6403565193742373,-0.12038585308576924
CORRIDOR_COMBO_SHIFT-1_TYPO_089,COMBO,r3,-0.3981541917157733,0.5555555555555556,-1.941152837621779,1.6403565193742373,-0.12038585308576924
CORRIDOR_COMBO_SHIFT-1_TYPO_089,COMBO,r4,-0.39398752504910667,0.5833333333333334,-1.941152837621779,1.6403565193742373,-0.12038585308576924
CORRIDOR_COMBO_SHIFT-1_TYPO_089,COMBO,shuffled,-0.4814875250491067,0.0,-1.941152837621779,1.6403565193742373,-0.12038585308576924
CORRIDOR_COMBO_SHIFT-1_TYPO_090,COMBO,fixed,-0.3633322085209928,0.3333333333333333,-1.941152837621779,1.9129777854866927,-0.12038585308576924
CORRIDOR_COMBO_SHIFT-1_TYPO_090,COMBO,r1,-0.3283322085209929,0.5666666666666667,-1.941152837621779,1.9129777854866927,-0.12038585308576924
CORRIDOR_COMBO_SHIFT-1_TYPO_090,COMBO,r2,-0.3383322085209929,0.5,-1.941152837621779,1.9129777854866927,-0.12038585308576924
CORRIDOR_COMBO_SHIFT-1_TYPO_090,COMBO,r3,-0.32999887518765947,0.5555555555555556,-1.941152837621779,1.9129777854866927,-0.12038585308576924
CORRIDOR_COMBO_SHIFT-1_TYPO_090,COMBO,r4,-0.3258322085209928,0.5833333333333334,-1.941152837621779,1.9129777854866927,-0.12038585308576924
CORRIDOR_COMBO_SHIFT-1_TYPO_090,COMBO,shuffled,-0.41333220852099284,0.0,-1.941152837621779,1.9129777854866927,-0.12038585308576924
CORRIDOR_COMBO_SHIFT+1_TYPO_091,COMBO,fixed,-0.43148752504910665,0.3333333333333333,-1.941152837621779,1.6403565193742373,-0.12038585308576924
CORRIDOR_COMBO_SHIFT+1_TYPO_091,COMBO,r1,-0.40648752504910673,0.5,-1.941152837621779,1.6403565193742373,-0.12038585308576924
CORRIDOR_COMBO_SHIFT+1_TYPO_091,COMBO,r2,-0.40648752504910673,0.5,-1.941152837621779,1.6403565193742373,-0.12038585308576924
CORRIDOR_COMBO_SHIFT+1_TYPO_091,COMBO,r3,-0.3981541917157733,0.5555555555555556,-1.941152837621779,1.6403565193742373,-0.12038585308576924
CORRIDOR_COMBO_SHIFT+1_TYPO_091,COMBO,r4,-0.39398752504910667,0.5833333333333334,-1.941152837621779,1.6403565193742373,-0.12038585308576924
CORRIDOR_COMBO_SHIFT+1_TYPO_091,COMBO,shuffled,-0.4814875250491067,0.0,-1.941152837621779,1.6403565193742373,-0.12038585308576924
CORRIDOR_COMBO_SHIFT+1_TYPO_092,COMBO,fixed,-0.3800085889807482,0.3333333333333333,-1.6752989429629517,1.367735253261782,-0.12038585308576924
CORRIDOR_COMBO_SHIFT+1_TYPO_092,COMBO,r1,-0.34500858898074827,0.5666666666666667,-1.6752989429629517,1.367735253261782,-0.12038585308576924
CORRIDOR_COMBO_SHIFT+1_TYPO_092,COMBO,r2,-0.3550085889807483,0.5,-1.6752989429629517,1.367735253261782,-0.12038585308576924
CORRIDOR_COMBO_SHIFT+1_TYPO_092,COMBO,r3,-0.34667525564741486,0.5555555555555556,-1.6752989429629517,1.367735253261782,-0.12038585308576924
CORRIDOR_COMBO_SHIFT+1_TYPO_092,COMBO,r4,-0.3425085889807482,0.5833333333333334,-1.6752989429629517,1.367735253261782,-0.12038585308576924
CORRIDOR_COMBO_SHIFT+1_TYPO_092,COMBO,shuffled,-0.43000858898074823,0.0,-1.6752989429629517,1.367735253261782,-0.12038585308576924
CORRIDOR_COMBO_SHIFT+1_TYPO_093,COMBO,fixed,-0.43148752504910665,0.3333333333333333,-1.941152837621779,1.6403565193742373,-0.12038585308576924
CORRIDOR_COMBO_SHIFT+1_TYPO_093,COMBO,r1,-0.3814875250491067,0.6666666666666666,-1.941152837621779,1.6403565193742373,-0.12038585308576924
CORRIDOR_COMBO_SHIFT+1_TYPO_093,COMBO,r2,-0.3814875250491067,0.6666666666666666,-1.941152837621779,1.6403565193742373,-0.12038585308576924
CORRIDOR_COMBO_SHIFT+1_TYPO_093,COMBO,r3,-0.36482085838244,0.7777777777777778,-1.941152837621779,1.6403565193742373,-0.12038585308576924
CORRIDOR_COMBO_SHIFT+1_TYPO_093,COMBO,r4,-0.3564875250491067,0.8333333333333334,-1.941152837621779,1.6403565193742373,-0.12038585308576924
CORRIDOR_COMBO_SHIFT+1_TYPO_093,COMBO,shuffled,-0.4814875250491067,0.0,-1.941152837621779,1.6403565193742373,-0.12038585308576924
CORRIDOR_COMBO_SHIFT+1_TYPO_094,COMBO,fixed,-0.43148752504910665,0.3333333333333333,-1.941152837621779,1.6403565193742373,-0.12038585308576924
CORRIDOR_COMBO_SHIFT+1_TYPO_094,COMBO,r1,-0.40648752504910673,0.5,-1.941152837621779,1.6403565193742373,-0.12038585308576924
CORRIDOR_COMBO_SHIFT+1_TYPO_094,COMBO,r2,-0.40648752504910673,0.5,-1.941152837621779,1.6403565193742373,-0.12038585308576924
CORRIDOR_COMBO_SHIFT+1_TYPO_094,COMBO,r3,-0.3981541917157733,0.5555555555555556,-1.941152837621779,1.6403565193742373,-0.12038585308576924
CORRIDOR_COMBO_SHIFT+1_TYPO_094,COMBO,r4,-0.39398752504910667,0.5833333333333334,-1.941152837621779,1.6403565193742373,-0.12038585308576924
CORRIDOR_COMBO_SHIFT+1_TYPO_094,COMBO,shuffled,-0.4814875250491067,0.0,-1.941152837621779,1.6403565193742373,-0.12038585308576924
CORRIDOR_COMBO_SHIFT+1_TYPO_095,COMBO,fixed,-0.43148752504910665,0.3333333333333333,-1.941152837621779,1.6403565193742373,-0.12038585308576924
CORRIDOR_COMBO_SHIFT+1_TYPO_095,COMBO,r1,-0.40648752504910673,0.5,-1.941152837621779,1.6403565193742373,-0.12038585308576924
CORRIDOR_COMBO_SHIFT+1_TYPO_095,COMBO,r2,-0.40648752504910673,0.5,-1.941152837621779,1.6403565193742373,-0.12038585308576924
CORRIDOR_COMBO_SHIFT+1_TYPO_095,COMBO,r3,-0.3981541917157733,0.5555555555555556,-1.941152837621779,1.6403565193742373,-0.12038585308576924
CORRIDOR_COMBO_SHIFT+1_TYPO_095,COMBO,r4,-0.39398752504910667,0.5833333333333334,-1.941152837621779,1.6403565193742373,-0.12038585308576924
CORRIDOR_COMBO_SHIFT+1_TYPO_095,COMBO,shuffled,-0.4814875250491067,0.0,-1.941152837621779,1.6403565193742373,-0.12038585308576924
CORRIDOR_K4_PURE_000,K4,fixed,-2.2825272608647036,0.0,-4.466764836880639,-1.0177008252222022,-0.12038585308576924
CORRIDOR_K4_PURE_000,K4,r1,-2.2825272608647036,0.0,-4.466764836880639,-1.0177008252222022,-0.12038585308576924
CORRIDOR_K4_PURE_000,K4,r2,-2.2825272608647036,0.0,-4.466764836880639,-1.0177008252222022,-0.12038585308576924
CORRIDOR_K4_PURE_000,K4,r3,-2.2825272608647036,0.0,-4.466764836880639,-1.0177008252222022,-0.12038585308576924
CORRIDOR_K4_PURE_000,K4,r4,-2.2825272608647036,0.0,-4.466764836880639,-1.0177008252222022,-0.12038585308576924
CORRIDOR_K4_PURE_000,K4,shuffled,-2.2825272608647036,0.0,-4.466764836880639,-1.0177008252222022,-0.12038585308576924
CORRIDOR_K4_PURE_001,K4,fixed,-2.2825272608647036,0.0,-4.466764836880639,-1.0177008252222022,-0.12038585308576924
CORRIDOR_K4_PURE_001,K4,r1,-2.2825272608647036,0.0,-4.466764836880639,-1.0177008252222022,-0.12038585308576924
CORRIDOR_K4_PURE_001,K4,r2,-2.2825272608647036,0.0,-4.466764836880639,-1.0177008252222022,-0.12038585308576924
CORRIDOR_K4_PURE_001,K4,r3,-2.2825272608647036,0.0,-4.466764836880639,-1.0177008252222022,-0.12038585308576924
CORRIDOR_K4_PURE_001,K4,r4,-2.2825272608647036,0.0,-4.466764836880639,-1.0177008252222022,-0.12038585308576924
CORRIDOR_K4_PURE_001,K4,shuffled,-2.2825272608647036,0.0,-4.466764836880639,-1.0177008252222022,-0.12038585308576924
CORRIDOR_K4_PURE_002,K4,fixed,-2.2825272608647036,0.0,-4.466764836880639,-1.0177008252222022,-0.12038585308576924
CORRIDOR_K4_PURE_002,K4,r1,-2.2825272608647036,0.0,-4.466764836880639,-1.0177008252222022,-0.12038585308576924
CORRIDOR_K4_PURE_002,K4,r2,-2.2825272608647036,0.0,-4.466764836880639,-1.0177008252222022,-0.12038585308576924
CORRIDOR_K4_PURE_002,K4,r3,-2.2825272608647036,0.0,-4.466764836880639,-1.0177008252222022,-0.12038585308576924
CORRIDOR_K4_PURE_002,K4,r4,-2.2825272608647036,0.0,-4.466764836880639,-1.0177008252222022,-0.12038585308576924
CORRIDOR_K4_PURE_002,K4,shuffled,-2.2825272608647036,0.0,-4.466764836880639,-1.0177008252222022,-0.12038585308576924
CORRIDOR_K4_PURE_003,K4,fixed,-2.2825272608647036,0.0,-4.466764836880639,-1.0177008252222022,-0.12038585308576924
CORRIDOR_K4_PURE_003,K4,r1,-2.2825272608647036,0.0,-4.466764836880639,-1.0177008252222022,-0.12038585308576924
CORRIDOR_K4_PURE_003,K4,r2,-2.2825272608647036,0.0,-4.466764836880639,-1.0177008252222022,-0.12038585308576924
CORRIDOR_K4_PURE_003,K4,r3,-2.2825272608647036,0.0,-4.466764836880639,-1.0177008252222022,-0.12038585308576924
CORRIDOR_K4_PURE_003,K4,r4,-2.2825272608647036,0.0,-4.466764836880639,-1.0177008252222022,-0.12038585308576924
CORRIDOR_K4_PURE_003,K4,shuffled,-2.2825272608647036,0.0,-4.466764836880639,-1.0177008252222022,-0.12038585308576924
CORRIDOR_K4_PURE_004,K4,fixed,-2.2825272608647036,0.0,-4.466764836880639,-1.0177008252222022,-0.12038585308576924
CORRIDOR_K4_PURE_004,K4,r1,-2.2825272608647036,0.0,-4.466764836880639,-1.0177008252222022,-0.12038585308576924
CORRIDOR_K4_PURE_004,K4,r2,-2.2825272608647036,0.0,-4.466764836880639,-1.0177008252222022,-0.12038585308576924
CORRIDOR_K4_PURE_004,K4,r3,-2.2825272608647036,0.0,-4.466764836880639,-1.0177008252222022,-0.12038585308576924
CORRIDOR_K4_PURE_004,K4,r4,-2.2825272608647036,0.0,-4.466764836880639,-1.0177008252222022,-0.12038585308576924
CORRIDOR_K4_PURE_004,K4,shuffled,-2.2825272608647036,0.0,-4.466764836880639,-1.0177008252222022,-0.12038585308576924
